2026-10-10T13:04:30.6268080Z [1m[92m     Running[0m tests/history_compatibility_matrix.rs (target/debug/deps/history_compatibility_matrix-58cf2c7088a26ccf)
2026-10-10T13:04:30.6269400Z test syncplan::tests::mirroring_a_into_b_removes_what_is_only_in_b ... ok
2026-10-10T13:04:30.6270340Z test syncplan::tests::paths_are_joined_without_doubling_separators ... ok
2026-10-10T13:04:30.6271270Z test syncplan::tests::the_direction_is_the_callers_not_the_methods ... ok
2026-10-10T13:04:30.6272150Z test syncplan::tests::the_source_wins_for_a_differing_file ... ok
2026-10-10T13:04:30.6273100Z test syncplan::tests::update_copies_into_the_destination_and_deletes_nothing ... ok
2026-10-10T13:04:30.6274230Z test syncplan::tests::update_both_still_deletes_nothing ... ok
2026-10-10T13:04:30.6275070Z test treemap::tests::a_row_fills_the_long_side_it_runs_along ... ok
2026-10-10T13:04:30.6275910Z test treemap::tests::a_lone_child_takes_the_whole_area ... ok
2026-10-10T13:04:30.6277230Z test treemap::tests::byte_sizes_read_like_a_human_wrote_them ... ok
2026-10-10T13:04:30.6278050Z test treemap::tests::areas_track_the_weights ... ok
2026-10-10T13:04:30.6278790Z test treemap::tests::every_weighted_child_gets_a_rectangle ... ok
2026-10-10T13:04:30.6279560Z test treemap::tests::rectangles_never_overlap ... ok
2026-10-10T13:04:30.6280340Z test treemap::tests::rectangles_stay_inside_their_parent ... ok
2026-10-10T13:04:30.6281200Z test treemap::tests::the_same_children_always_lay_out_the_same_way ... ok
2026-10-10T13:04:30.6282430Z test treemap::tests::the_text_map_marks_the_largest_row_with_a_full_block ... ok
2026-10-10T13:04:30.6283680Z test treemap::tests::zero_weights_and_empty_areas_place_nothing ... ok
2026-10-10T13:04:30.6284570Z test treemap::tests::the_text_map_adapts_to_narrow_terminals ... ok
2026-10-10T13:04:30.6285520Z test windows_file_observation_tests::codec_has_a_fixed_little_endian_layout ... ok
2026-10-10T13:04:30.6286760Z test windows_file_observation_tests::codec_rejects_unknown_versions_lengths_flags_and_alignment ... ok
2026-10-10T13:04:30.6288430Z test windows_file_observation_tests::decode_checks_semantics_after_reading_fixed_fields ... ok
2026-10-10T13:04:30.6289660Z test windows_file_observation_tests::full_width_identity_and_native_ticks_survive_codec ... ok
2026-10-10T13:04:30.6290890Z test windows_file_observation_tests::gap_and_tree_alignment_labels_are_explicit_and_strict ... ok
2026-10-10T13:04:30.6292250Z test windows_file_observation_tests::public_field_mutation_is_revalidated_before_encoding_or_projection ... ok
2026-10-10T13:04:30.6293610Z test windows_file_observation_tests::subsecond_last_write_and_change_ticks_remain_distinct ... ok
2026-10-10T13:04:30.6294900Z test windows_file_observation_tests::same_low_id_bits_do_not_collapse_distinct_full_identities ... ok
2026-10-10T13:04:30.6296330Z test windows_file_observation_tests::zero_values_equal_capture_times_and_unverified_alignment_are_representable ... ok
2026-10-10T13:04:30.6297220Z
2026-10-10T13:04:30.6297710Z test result: ok. 167 passed; 0 failed; 0 ignored; 0 measured; 0 filtered out; finished in 0.02s
2026-10-10T13:04:30.6298390Z
2026-10-10T13:04:30.6356520Z
2026-10-10T13:04:30.6359660Z running 8 tests
2026-10-10T13:04:30.6360660Z test all_scan_settings_are_part_of_history_compatibility ... ok
2026-10-10T13:04:30.6361990Z test contradictory_complete_coverage_never_claims_removed_or_resized_nodes ... ok
2026-10-10T13:04:30.6364210Z test contradictory_complete_coverage_never_promotes_rebuildable_candidate ... ok
2026-10-10T13:04:30.6365590Z test contradictory_complete_coverage_never_yields_known_growth ... ok
2026-10-10T13:04:30.6366810Z test same_identity_rename_stays_added_and_removed_without_inferred_growth ... ok
2026-10-10T13:04:30.6367880Z test opaque_document_uri_history_uses_exact_locator_and_known_provider_domain ... ok
2026-10-10T13:04:30.6369080Z test unchanged_locator_allows_zero_negative_and_positive_growth_without_id_equality ... ok
2026-10-10T13:04:30.6370250Z test volume_presence_value_order_and_partial_coverage_are_explicit ... ok
2026-10-10T13:04:30.6370870Z
2026-10-10T13:04:30.6371330Z test result: ok. 8 passed; 0 failed; 0 ignored; 0 measured; 0 filtered out; finished in 0.00s
2026-10-10T13:04:30.6371990Z
2026-10-10T13:04:30.6372890Z [1m[92m     Running[0m tests/history_source_layout.rs (target/debug/deps/history_source_layout-695ddbe3157201f1)
2026-10-10T13:04:30.6482280Z
2026-10-10T13:04:30.6483480Z running 3 tests
2026-10-10T13:04:30.6488790Z test gate_rejects_production_path_overrides_but_allows_separate_test_sources ... ok
2026-10-10T13:04:30.6489910Z test gate_rejects_hidden_objects_private_stubs_and_glob_imports ... ok
2026-10-10T13:04:30.6731900Z test historical_implementations_are_real_documented_responsibility_files ... ok
2026-10-10T13:04:30.6732710Z
2026-10-10T13:04:30.6733190Z test result: ok. 3 passed; 0 failed; 0 ignored; 0 measured; 0 filtered out; finished in 0.02s
2026-10-10T13:04:30.6733910Z
2026-10-10T13:04:30.6737480Z [1m[92m     Running[0m unittests src/lib.rs (target/debug/deps/diskgraph_disktree-db67f840a67aa209)
2026-10-10T13:04:30.6871840Z
2026-10-10T13:04:30.6872250Z running 8 tests
2026-10-10T13:04:30.6878020Z test hydration_guard::tests::thread_policy_is_disabled_and_restored_even_when_nested ... ok
2026-10-10T13:04:30.6890570Z test tests::a_native_scan_records_the_owning_volume ... ok
2026-10-10T13:04:30.6901870Z test tests::depth_limited_scan_does_not_claim_completeness ... ok
2026-10-10T13:04:30.6908000Z test tests::scans_hidden_files_without_granting_delete_authority ... ok
2026-10-10T13:04:30.6915890Z test tests::file_identity_matches_stat_on_unix ... ok
2026-10-10T13:04:30.6920030Z test windows_native_observer::tests::native_identity_never_truncates_a_128_bit_file_id ... ok
2026-10-10T13:04:30.6922500Z test tests::v2_nodes_carry_identity_locator_and_self_mtime ... ok
2026-10-10T13:04:30.7468490Z test tests::valid_replacement_character_names_remain_distinct_and_supported ... ok
2026-10-10T13:04:30.7469190Z
2026-10-10T13:04:30.7469680Z test result: ok. 8 passed; 0 failed; 0 ignored; 0 measured; 0 filtered out; finished in 0.06s
2026-10-10T13:04:30.7470820Z
2026-10-10T13:04:30.7474430Z [1m[92m     Running[0m tests/pinned_upstream.rs (target/debug/deps/pinned_upstream-56cb4640ce1326a1)
2026-10-10T13:04:30.7586630Z
2026-10-10T13:04:30.7588730Z running 4 tests
2026-10-10T13:04:30.7589440Z test generated_bindings_stay_out_of_the_repository ... ok
2026-10-10T13:04:30.7603900Z test the_workspace_depends_on_the_vendored_path_not_a_registry_or_git_pin ... ok
2026-10-10T13:04:30.7604920Z test no_upstream_app_or_product_dependency_leaks_into_the_workspace ... ok
2026-10-10T13:04:30.7870650Z test the_vendored_copy_matches_its_recorded_upstream_digests ... ok
2026-10-10T13:04:30.7871290Z
2026-10-10T13:04:30.7871820Z test result: ok. 4 passed; 0 failed; 0 ignored; 0 measured; 0 filtered out; finished in 0.03s
2026-10-10T13:04:30.7872660Z
2026-10-10T13:04:30.7873670Z [1m[92m     Running[0m unittests src/lib.rs (target/debug/deps/diskgraph_ffi-4d7750e00e9cd040)
2026-10-10T13:04:30.8035180Z
2026-10-10T13:04:30.8036650Z running 106 tests
2026-10-10T13:04:30.9092710Z test async_tests::a_cancelled_job_reports_honestly_instead_of_half_publishing ... ok
2026-10-10T13:04:32.1886020Z test async_tests::the_ffi_layer_is_independent_of_any_host_application ... ok
2026-10-10T13:04:32.2231000Z test async_tests::a_spawned_scan_returns_a_handle_at_once_and_join_later ... ok
2026-10-10T13:04:32.3234790Z test authorization_tests::a_proven_legacy_control_database_remains_readable ... ok
2026-10-10T13:04:32.3327960Z test authorization_tests::realm_identity_does_not_collapse_non_utf8_path_bytes ... ok
2026-10-10T13:04:33.0446520Z test native_admission_tests::all_in_flight_admissions_are_bounded_and_remain_pending_after_close ... ok
2026-10-10T13:04:33.1226580Z test native_admission_tests::close_during_admission_refuses_path_work_and_never_enqueues ... ok
2026-10-10T13:04:33.1770020Z test native_admission_tests::closed_service_refuses_scan_before_resolving_a_missing_path ... ok
2026-10-10T13:04:33.5379450Z test authorization_tests::ambiguous_legacy_control_is_not_assigned_to_either_graph ... ok
2026-10-10T13:04:33.6273040Z test authorization_tests::legacy_reads_do_not_bypass_scope_revocation ... ok
2026-10-10T13:04:33.7198330Z test native_growth::deadline_tests::captured_growth_policy_preserves_zero_null_and_actual_revocation ... ok
2026-10-10T13:04:33.7882220Z
2026-10-10T13:04:33.7883040Z test native_admission_tests::path_failure_and_admission_unwind_return_the_original_quota ... ok
2026-10-10T13:04:33.8270440Z thread 'native_admission_tests::path_failure_and_admission_unwind_return_the_original_quota' (85431) panicked at crates/diskgraph-ffi/src/native_admission_tests.rs:215:55:
2026-10-10T13:04:33.8272320Z 真实准入后 unwind 夹具
2026-10-10T13:04:33.8283590Z note: run with `RUST_BACKTRACE=1` environment variable to display a backtrace
2026-10-10T13:04:33.8774280Z test native_growth::deadline_tests::growth_does_not_decode_unrelated_principal_grants ... ok
2026-10-10T13:04:33.8960660Z test native_growth::deadline_tests::growth_initial_policy_capture_keeps_original_deadline_under_control_lock ... ok
2026-10-10T13:04:33.9963590Z test native_growth::deadline_tests::growth_terminal_check_does_not_rebuild_policy_under_control_lock ... ok
2026-10-10T13:04:34.8915720Z test authorization_tests::graph_files_in_one_directory_have_distinct_control_realms ... ok
2026-10-10T13:04:36.1612270Z test native_growth_eligibility_tests::ffi_unknown_growth_keeps_borrowed_row_budget_before_null_result ... ok
2026-10-10T13:04:36.3476760Z test native_growth_eligibility_tests::ffi_growth_real_same_path_file_directory_replacement_refuses_delta ... ok
2026-10-10T13:04:36.4756340Z test native_growth_scope_tests::ffi_authorized_different_actual_scopes_return_null_for_root_and_child ... ok
2026-10-10T13:04:36.7745450Z test native_growth_eligibility_tests::ffi_root_growth_unknown_or_read_error_is_success_null ... ok
2026-10-10T13:04:36.7826850Z test native_growth_scope_tests::ffi_different_scope_history_requires_both_grants ... ok
2026-10-10T13:04:36.9666240Z test native_growth_scope_tests::ffi_foreign_server_history_is_denied_before_comparability ... ok
2026-10-10T13:04:37.1850140Z test native_growth_scope_tests::ffi_incompatible_scope_null_still_rechecks_each_terminal_grant ... ok
2026-10-10T13:04:37.3333040Z test native_growth_scope_tests::ffi_same_actual_scope_preserves_positive_growth ... ok
2026-10-10T13:04:38.5470930Z test native_growth_tests::legacy_growth_admits_raw_columns_before_decoding_corrupt_kind ... ok
2026-10-10T13:04:39.1822140Z test native_growth_eligibility_tests::ffi_growth_unknown_and_read_error_on_either_side_returns_success_null ... ok
2026-10-10T13:04:39.2161640Z test native_growth_scope_tests::ffi_incompatible_scope_null_still_rechecks_terminal_deadline ... ok
2026-10-10T13:04:39.7372350Z test native_growth_tests::legacy_growth_cumulative_two_sided_rows_cannot_reset_raw_budget ... ok
2026-10-10T13:04:40.3129170Z test native_growth_tests::legacy_growth_preserves_zero_delta_and_missing_locator_null ... ok
2026-10-10T13:04:40.5217650Z test native_growth_tests::legacy_growth_limits_actual_json_escaping_and_error_diagnostics ... ok
2026-10-10T13:04:40.6881870Z test native_growth_eligibility_tests::ffi_unknown_growth_still_rechecks_terminal_grant_and_deadline ... ok
2026-10-10T13:04:40.9556060Z test native_growth_tests::legacy_growth_refuses_oversized_rows_before_returning_the_envelope ... ok
2026-10-10T13:04:41.9438430Z test native_growth_tests::legacy_growth_refuses_oversized_snapshot_before_json_decode ... ok
2026-10-10T13:04:42.0268630Z test native_latest::tests::latest_cannot_accept_metadata_grant_withdrawn_and_restored_after_encoding ... ok
2026-10-10T13:04:42.1119830Z test native_latest::tests::latest_empty_result_keeps_null_and_refuses_withdrawal_after_encoding ... ok
2026-10-10T13:04:42.1950180Z test native_latest::tests::latest_encoded_success_is_refused_after_real_policy_revocation ... ok
2026-10-10T13:04:42.3156700Z test native_latest::tests::latest_ignores_unrelated_invalid_grants_and_scope_display_documents ... ok
2026-10-10T13:04:42.4090790Z test native_latest::tests::latest_policy_capture_keeps_original_control_lock_deadline ... ok
2026-10-10T13:04:42.4608970Z test native_growth_tests::legacy_growth_refuses_unbound_snapshot_and_preserves_incompatible_null ... ok
2026-10-10T13:04:42.5761680Z test native_latest::tests::latest_reads_id_without_decoding_unused_snapshot_document ... ok
2026-10-10T13:04:43.2759740Z test native_latest::tests::latest_refuses_oversized_snapshot_id_before_owning_the_result ... ok
2026-10-10T13:04:43.2780320Z test native_lifecycle_tests::retained_limit_allows_same_root_and_last_subscriber_cancels ... ok
2026-10-10T13:04:43.3098850Z tls_drain elapsed=30.545385ms release_sent=Ok(()) released=Ok(true) pending=Err(Unavailable { reason: "coordinator drain deadline exceeded" })
2026-10-10T13:04:43.3102300Z test native_lifecycle_tests::tls_pending_record_survives_deadline_then_concurrent_waiters_join_it ... ok
2026-10-10T13:04:46.6954790Z test native_growth_tests::legacy_growth_terminal_expiry_rejects_both_data_and_null ... ok
2026-10-10T13:04:46.6958040Z test native_listing_tests::invalid_legacy_limits_do_not_open_or_create_a_database ... ok
2026-10-10T13:04:47.8256170Z test native_listing_tests::legacy_children_do_not_decode_the_continuation ... ok
2026-10-10T13:04:48.9663470Z test native_listing_tests::legacy_list_data_and_error_diagnostics_bound_actual_json_escaping ... ok
2026-10-10T13:04:50.1634670Z test native_listing_tests::legacy_top_refuses_an_oversized_row_instead_of_returning_it ... ok
2026-10-10T13:04:50.2391620Z test native_growth_tests::legacy_growth_terminal_authorization_checks_both_scopes_and_grants ... ok
2026-10-10T13:04:51.3867930Z test native_listing_tests::session_children_admit_raw_fields_before_decoding_an_invalid_kind ... ok
2026-10-10T13:04:51.4351020Z test native_listing_tests::listing_keeps_legacy_unknown_nodes_and_session_unknown_count ... ok
2026-10-10T13:04:52.6001420Z test native_listing_tests::session_cumulative_raw_budget_keeps_prefix_and_actual_continuation ... ok
2026-10-10T13:04:52.7471630Z test native_listing_tests::session_keeps_zero_size_and_filters_negative_legacy_rows ... ok
2026-10-10T13:04:52.7485030Z
2026-10-10T13:04:52.7485780Z test native_manager_tests::managed_worker_cannot_wait_for_its_own_record_after_manager_takes_handle ... ok
2026-10-10T13:04:52.7488220Z thread 'diskgraph-native-join' (87498) panicked at crates/diskgraph-ffi/src/native_manager_tests.rs:41:21:
2026-10-10T13:04:52.7489920Z real manager failure after taking active handle
2026-10-10T13:04:53.0007030Z test native_manager_tests::manager_panic_retains_active_and_queued_handles_until_host_reclaims_them ... ok
2026-10-10T13:04:53.0980720Z test native_reply_deadline_tests::captured_policy_does_not_bypass_live_revocation_during_read ... ok
2026-10-10T13:04:53.1979650Z test native_reply_deadline_tests::captured_policy_still_allows_a_normal_authorized_query ... ok
2026-10-10T13:04:53.3190110Z test native_reply_deadline_tests::native_query_policy_capture_does_not_wait_for_an_unbounded_control_owner ... ok
2026-10-10T13:04:53.3993790Z test native_reply_deadline_tests::native_query_terminal_check_does_not_rebuild_policy_under_a_blocked_control_owner ... ok
2026-10-10T13:04:54.6440480Z test native_revision_candidate_tests::native_candidate_callback_keeps_revision_resolved_before_new_publication ... ok
2026-10-10T13:04:55.2248130Z test native_lifecycle_tests::poll_only_host_can_complete_more_scans_than_the_retained_limit ... ok
2026-10-10T13:04:56.7023460Z inner runner mode=completed, early_result=Err(Timeout), tls_released=Ok(true)
2026-10-10T13:04:56.7045420Z test native_runner_exit_tests::completed_result_waits_for_actual_inner_runner_tls_exit ... ok
2026-10-10T13:04:56.9095280Z test native_revision_candidate_tests::native_candidate_exports_block_active_typed_process_and_protection ... ok
2026-10-10T13:04:57.8717530Z
2026-10-10T13:04:57.8718570Z thread 'diskgraph-native-scan' (87732) panicked at crates/diskgraph-ffi/src/native_runner_exit_tests.rs:99:17:
2026-10-10T13:04:57.8720160Z 真实协调线程在持有 inner runner 时 unwind
2026-10-10T13:04:58.0052770Z inner runner mode=unwind, early_result=Err(Timeout), tls_released=Ok(true)
2026-10-10T13:04:58.0085430Z test native_runner_exit_tests::coordinator_unwind_does_not_abandon_its_actual_inner_runner ... ok
2026-10-10T13:04:58.5518250Z test native_runner_signal_tests::actual_operation_view_denial_stops_runner_without_permanent_cancel ... ok
2026-10-10T13:04:59.0525020Z test native_runner_signal_tests::caller_cancel_reaches_the_actual_claimed_generation ... ok
2026-10-10T13:04:59.4477910Z inner runner mode=denied, early_result=Err(Timeout), tls_released=Ok(true)
2026-10-10T13:04:59.4499980Z test native_runner_exit_tests::late_permission_denial_waits_for_runner_without_rewriting_committed_fact ... ok
2026-10-10T13:04:59.5986610Z test native_runner_signal_tests::cancelled_request_with_failed_claim_does_not_cancel_other_live_owner ... ok
2026-10-10T13:04:59.6001320Z test native_scan_gate::dropping_native_scan_gate_releases_the_paused_worker ... ok
2026-10-10T13:04:59.9570180Z test native_runner_signal_tests::observed_denial_wins_over_the_original_caller_cancel_signal ... ok
2026-10-10T13:05:00.0620140Z test native_scoped_owner_tests::escaped_service_is_closed_after_forgotten_owner_scope_finishes ... ok
2026-10-10T13:05:00.4334700Z
2026-10-10T13:05:00.4335520Z thread '<unnamed>' (88265) panicked at crates/diskgraph-ffi/src/native_scoped_owner_tests.rs:80:21:
2026-10-10T13:05:00.4336460Z scoped host original panic
2026-10-10T13:05:00.6606250Z test native_scoped_owner_tests::forgotten_capability_keeps_manager_owned_during_callback_unwind ... ok
2026-10-10T13:05:01.1735280Z
2026-10-10T13:05:01.1768970Z thread 'diskgraph-native-join' (88314) panicked at crates/diskgraph-ffi/src/native_scoped_owner_tests.rs:162:9:
2026-10-10T13:05:01.1774600Z actual scoped manager failure
2026-10-10T13:05:01.1796540Z test native_scoped_owner_tests::scope_reports_real_manager_failure_after_callback_forgot_capability ... ok
2026-10-10T13:05:01.2918910Z test native_scoped_owner_tests::forgotten_capability_keeps_manager_owned_until_scope_returns ... ok
2026-10-10T13:05:02.4092250Z test native_scoped_owner_tests::scoped_service_scans_with_physical_host_and_closes_after_scope ... ok
2026-10-10T13:05:02.4235620Z test native_service::native_reply_budget_tests::legacy_explain_rejects_raw_evidence_before_invalid_confidence_decode ... ok
2026-10-10T13:05:03.5521720Z test native_service::native_reply_budget_tests::native_envelope_accepts_the_exact_byte_cap_and_refuses_one_more ... ok
2026-10-10T13:05:03.6525980Z test native_service::native_reply_budget_tests::native_error_diagnostic_is_bounded_after_json_escaping ... ok
2026-10-10T13:05:04.0471150Z test native_listing_tests::every_listing_checks_permission_cancellation_and_deadline_after_encoding ... ok
2026-10-10T13:05:04.9020350Z test native_service::native_reply_budget_tests::native_node_rejects_an_oversized_borrowed_name_before_owned_decode ... ok
2026-10-10T13:05:05.8527290Z test native_service::native_reply_budget_tests::native_partial_deadline_preserves_the_selected_prefix_and_gap ... ok
2026-10-10T13:05:05.9644430Z test native_service::native_reply_budget_tests::scope_revoked_at_reply_boundary_cannot_escape_the_session ... ok
2026-10-10T13:05:06.3081930Z test native_service::native_reply_budget_tests::reply_wait_cannot_return_an_expired_native_success ... ok
2026-10-10T13:05:06.7409940Z test native_service_owner_tests::failed_database_construction_does_not_start_a_manager ... ok
2026-10-10T13:05:06.8992100Z test native_service::tests::shutdown_after_final_authorization_cannot_return_success ... ok
2026-10-10T13:05:07.1321110Z test native_service::tests::shutdown_does_not_wait_for_a_read_or_publish_its_response ... ok
2026-10-10T13:05:07.3764040Z test native_service_owner_tests::host_owner_drop_finalizes_manager_after_service_has_been_dropped ... ok
2026-10-10T13:05:08.2669980Z test native_service_tests::active_native_job_handle_observes_individual_grant_revocation ... ok
2026-10-10T13:05:08.2680380Z test native_service_tests::last_job_handle_drop_requests_cancel_and_poll_never_joins ... ok
2026-10-10T13:05:08.7777810Z test native_service_tests::legacy_service_scan_does_not_restore_revoked_admin_grant ... ok
2026-10-10T13:05:09.1270180Z managed drain elapsed=150.45108ms, pending=Err(Unavailable { reason: "coordinator drain deadline exceeded" }), worker_released=Ok(true), manager_released=Ok(true)
2026-10-10T13:05:09.2252720Z test native_service_owner_tests::managed_worker_deadline_and_host_finalization_wait_for_distinct_real_threads ... ok
2026-10-10T13:05:09.9026580Z test native_service_tests::completed_native_job_handle_does_not_keep_revoked_permissions ... ok
2026-10-10T13:05:10.0918050Z test native_service_tests::persistent_service_queries_deny_revoked_scope_and_closed_session ... ok
2026-10-10T13:05:10.0923870Z test native_worker::tests::self_wait_is_denied_even_after_another_waiter_takes_the_handle ... ok
2026-10-10T13:05:10.3429240Z test native_worker_exit_tests::concurrent_result_waiters_share_the_actual_worker_join ... ok
2026-10-10T13:05:10.3613780Z test native_service_tests::session_children_clip_bytes_and_advance_by_actual_page_size ... ok
2026-10-10T13:05:10.3614650Z
2026-10-10T13:05:10.3621400Z test native_worker_exit_tests::worker_panic_is_joined_and_keeps_the_existing_error_envelope ... ok
2026-10-10T13:05:10.3625060Z thread 'diskgraph-native-scan' (89173) panicked at crates/diskgraph-ffi/src/native_worker_exit_tests.rs:205:35:
2026-10-10T13:05:10.3627230Z 真实工作闭包恐慌，验证原错误和线程回收
2026-10-10T13:05:10.3657610Z test scan_coordinator::engine_error_cleanup_tests::ffi_cleanup_does_not_convert_io_kind_to_business_permission_denied ... ok
2026-10-10T13:05:10.3669960Z test scan_coordinator::engine_error_cleanup_tests::ffi_cleanup_keeps_store_diagnostic_without_new_structured_code ... ok
2026-10-10T13:05:10.3682290Z test scan_coordinator::engine_error_cleanup_tests::ffi_cleanup_preserves_budget_code_in_the_legacy_string_wire ... ok
2026-10-10T13:05:10.3685420Z test scan_coordinator::engine_error_cleanup_tests::ffi_nested_cleanup_retains_exact_permission_denied_wire ... ok
2026-10-10T13:05:10.6833590Z test native_worker_exit_tests::result_json_waits_for_worker_tls_exit_while_poll_remains_nonblocking ... ok
2026-10-10T13:05:12.1997930Z test tests::growth_and_candidates_do_not_decode_unrelated_nodes ... ok
2026-10-10T13:05:12.8249470Z test native_service_tests::two_native_handles_for_a_coalesced_job_return_the_same_revision ... ok
2026-10-10T13:05:13.2038750Z test native_manager_tests::legacy_drain_is_explicitly_unsupported_and_poll_only_scans_do_not_exhaust_records ... ok
2026-10-10T13:05:13.3629280Z test tests::read_only_bindings_scan_and_query_native_directory ... ok
2026-10-10T13:05:13.3629870Z
2026-10-10T13:05:13.3630360Z test result: ok. 106 passed; 0 failed; 0 ignored; 0 measured; 0 filtered out; finished in 42.56s
2026-10-10T13:05:13.3631060Z
2026-10-10T13:05:13.3646150Z [1m[92m     Running[0m unittests src/bin/uniffi_bindgen.rs (target/debug/deps/uniffi_bindgen-c2847ed14bf3ef78)
2026-10-10T13:05:13.3752150Z
2026-10-10T13:05:13.3752520Z running 0 tests
2026-10-10T13:05:13.3753270Z
2026-10-10T13:05:13.3754280Z [1m[92m     Running[0m tests/source_layout.rs (target/debug/deps/source_layout-e79f412776870790)
2026-10-10T13:05:13.3755460Z test result: ok. 0 passed; 0 failed; 0 ignored; 0 measured; 0 filtered out; finished in 0.00s
2026-10-10T13:05:13.3756130Z
2026-10-10T13:05:13.3861680Z
2026-10-10T13:05:13.3873300Z running 8 tests
2026-10-10T13:05:13.3883980Z
2026-10-10T13:05:13.3885160Z test gate_excludes_only_explicit_test_modules ... ok
2026-10-10T13:05:13.3892950Z thread 'negative_cases::gate_mounts_explicit_path_and_include_as_real_sources' (89304) panicked at crates/diskgraph-ffi/tests/source_layout.rs:323:5:
2026-10-10T13:05:13.3896950Z 重复挂载 /var/folders/20/jp1_0n3n7kndh6rnbqb5344m0000gn/T/.tmpekcvwc/api_exports.rs
2026-10-10T13:05:13.3898040Z test gate_rejects_hidden_objects_private_stubs_and_undocumented_trait_methods ... ok
2026-10-10T13:05:13.3899190Z test negative_cases::gate_reads_chinese_rustdoc_only_under_exact_doc_cfg ... ok
2026-10-10T13:05:13.3900260Z note: run with `RUST_BACKTRACE=1` environment variable to display a backtrace
2026-10-10T13:05:13.3901300Z test negative_cases::gate_permits_only_exact_abi_includes_and_one_scaffolding ... ok
2026-10-10T13:05:13.3902410Z test negative_cases::gate_rejects_include_in_blocks_expressions_and_other_modules ... ok
2026-10-10T13:05:13.3903500Z test negative_cases::gate_mounts_explicit_path_and_include_as_real_sources ... ok
2026-10-10T13:05:13.3912140Z test negative_cases::gate_rejects_same_named_include_from_non_root_file ... ok
2026-10-10T13:05:13.3912770Z
2026-10-10T13:05:13.3913640Z thread 'negative_cases::gate_rejects_same_named_include_from_non_root_file' (89308) panicked at crates/diskgraph-ffi/tests/source_layout.rs:272:13:
2026-10-10T13:05:13.3917270Z 禁止 include：非根文件顶层
2026-10-10T13:05:13.5904330Z test all_platform_ffi_sources_follow_the_rust_contract ... ok
2026-10-10T13:05:13.5905110Z
2026-10-10T13:05:13.5906840Z test result: ok. 8 passed; 0 failed; 0 ignored; 0 measured; 0 filtered out; finished in 0.20s
2026-10-10T13:05:13.5907880Z
2026-10-10T13:05:13.5911640Z [1m[92m     Running[0m unittests src/lib.rs (target/debug/deps/diskgraph_ops-19418a6824721ef1)
2026-10-10T13:05:13.6070510Z
2026-10-10T13:05:13.6075300Z running 105 tests
2026-10-10T13:05:13.6076050Z test docker::tests::a_running_container_is_refused_by_the_usage_check ... ok
2026-10-10T13:05:13.6077960Z test docker::tests::a_removal_docker_cannot_prove_parks_for_attention ... ok
2026-10-10T13:05:13.6080770Z test docker::tests::cleanup_never_widenes_beyond_the_exact_objects_and_never_prunes ... ok
2026-10-10T13:05:13.6081850Z test docker::tests::an_in_use_volume_is_skipped_and_others_proceed ... ok
2026-10-10T13:05:13.6119690Z test docker::tests::inventory_reads_each_category_separately_and_carries_the_vm_caveat ... ok
2026-10-10T13:05:13.6142250Z test specialist::tests::a_missing_tool_reports_unavailable_and_offers_nothing ... ok
2026-10-10T13:05:13.6177870Z test specialist::tests::a_shared_cargo_target_dir_is_reported_but_never_planned ... ok
2026-10-10T13:05:13.6180270Z test specialist::tests::an_active_build_is_detected_by_the_held_lock_not_by_the_file ... ok
2026-10-10T13:05:13.6181590Z test specialist::tests::an_unlisted_capability_is_refused_even_when_known ... ok
2026-10-10T13:05:13.6183000Z test specialist::tests::cargo_inventory_refuses_a_directory_that_is_not_a_cargo_project ... ok
2026-10-10T13:05:13.6184340Z test specialist::tests::only_a_provable_outcome_counts_as_confirmed ... ok
2026-10-10T13:05:13.6257140Z test specialist::tests::a_child_sees_only_the_named_environment ... ok
2026-10-10T13:05:13.7273800Z test specialist::tests::output_past_the_cap_is_discarded_and_flagged ... ok
2026-10-10T13:05:13.7275950Z test specialist::tests::script_writer_fixture ... ignored, 独立脚本写入子进程；由 fake_tool 显式调用
2026-10-10T13:05:13.7376470Z test specialist::tests::structured_arguments_pass_through_without_a_shell ... ok
2026-10-10T13:05:13.7537450Z test specialist::tests::a_probe_accepts_a_new_enough_version_and_refuses_an_old_one ... ok
2026-10-10T13:05:13.7908440Z test specialist::tests::retries_rerun_a_transient_failure ... ok
2026-10-10T13:05:13.8225900Z test specialist::tests::timeout_kills_descendants_that_inherit_output_pipes ... ok
2026-10-10T13:05:13.8227470Z test specialist::tests::a_timeout_kills_a_stuck_child ... ok
2026-10-10T13:05:14.9952700Z test tests::a_crash_after_intent_leaves_the_operation_needing_attention ... ok
2026-10-10T13:05:15.0204550Z test tests::a_cross_volume_copy_stages_verifies_then_publishes ... ok
2026-10-10T13:05:15.0375660Z test tests::a_crash_after_the_file_moved_is_never_replayed_blindly ... ok
2026-10-10T13:05:15.0424360Z test tests::a_batch_with_one_blocked_item_ends_partial_and_keeps_the_rest ... ok
2026-10-10T13:05:15.0432800Z test tests::a_failed_cross_volume_copy_leaves_the_destination_untouched ... ok
2026-10-10T13:05:15.1260810Z test specialist::tests::timeout_kills_a_descendant_after_the_direct_child_exits ... ok
2026-10-10T13:05:16.5061670Z test tests::a_cross_volume_move_parked_at_the_source_seam_keeps_both_sides ... ok
2026-10-10T13:05:16.5990700Z test tests::a_cross_volume_move_publishes_before_the_source_is_removed ... ok
2026-10-10T13:05:16.6073310Z test tests::a_link_planted_in_the_destination_stops_the_move ... ok
2026-10-10T13:05:16.7019460Z test tests::a_link_planted_in_the_source_after_planning_stops_the_move ... ok
2026-10-10T13:05:17.5250890Z test tests::a_lost_response_retry_returns_the_result_without_repeating_the_move ... ok
2026-10-10T13:05:17.7209780Z test tests::a_missing_node_is_refused_not_guessed ... ok
2026-10-10T13:05:17.7351360Z test tests::a_parked_operation_is_never_resumed_automatically ... ok
2026-10-10T13:05:17.9793370Z test tests::a_parked_purge_retry_returns_the_same_operation_without_replaying ... ok
2026-10-10T13:05:18.7915810Z test tests::a_plan_cannot_be_applied_twice ... ok
2026-10-10T13:05:18.8568090Z test tests::a_plan_show_and_validate_surface_the_exact_object_set ... ok
2026-10-10T13:05:18.9080020Z test tests::a_plan_is_immutable_and_digest_addressed ... ok
2026-10-10T13:05:19.1329150Z test tests::a_purge_refuses_a_swapped_object_and_never_touches_the_imposter ... ok
2026-10-10T13:05:20.2082510Z test tests::a_restore_can_target_another_authorized_location ... ok
2026-10-10T13:05:20.2095230Z test tests::a_restore_of_a_vanished_object_is_refused ... ok
2026-10-10T13:05:20.2758320Z test tests::a_restore_never_overwrites_a_reoccupied_original ... ok
2026-10-10T13:05:20.5439750Z test tests::a_restored_object_returns_to_its_original_place ... ok
2026-10-10T13:05:21.4864910Z test tests::a_reused_key_with_a_different_approval_is_refused ... ok
2026-10-10T13:05:21.5431520Z test tests::a_source_that_changes_during_a_cross_volume_copy_invalidates_the_transfer ... ok
2026-10-10T13:05:21.6358480Z test tests::a_revoked_approval_blocks_execution ... ok
2026-10-10T13:05:21.6465450Z test tests::a_retried_key_returns_the_original_operation_without_moving_twice ... ok
2026-10-10T13:05:21.9782170Z test tests::a_revoked_scope_yields_no_plan ... ok
2026-10-10T13:05:22.7626390Z test tests::an_approval_is_bound_to_the_plan_and_its_principal ... ok
2026-10-10T13:05:22.8004600Z test tests::a_write_failure_leaves_the_control_plane_usable_and_auditable ... ok
2026-10-10T13:05:22.8603870Z test tests::a_volume_report_separates_processed_retained_and_measured_space ... ok
2026-10-10T13:05:23.6106450Z test tests::an_empty_file_round_trips_through_trash_and_restore ... ok
2026-10-10T13:05:23.8910630Z test tests::an_empty_or_oversized_request_is_refused ... ok
2026-10-10T13:05:23.9234610Z test tests::an_expired_approval_does_not_verify ... ok
2026-10-10T13:05:24.4878070Z test tests::an_empty_object_batch_moves_nothing_and_says_so ... ok
2026-10-10T13:05:24.8973110Z test tests::an_object_replaced_after_planning_is_refused ... ok
2026-10-10T13:05:25.0402720Z test tests::an_occupied_target_is_never_overwritten ... ok
2026-10-10T13:05:25.1755520Z test tests::an_ungranted_subject_cannot_resolve_a_file_operation_plan ... ok
2026-10-10T13:05:25.7325830Z test tests::another_principal_cannot_cancel_someone_elses_operation ... ok
2026-10-10T13:05:26.0217700Z test tests::apply_without_a_valid_approval_moves_nothing ... ok
2026-10-10T13:05:26.2249620Z test tests::approval_digest_binds_deadline_recovery_and_exact_bytes ... ok
2026-10-10T13:05:26.3252830Z test tests::applying_a_move_moves_the_file_once_and_records_it ... ok
2026-10-10T13:05:27.1082880Z test tests::building_a_trash_plan_does_not_touch_any_file ... ok
2026-10-10T13:05:27.2644790Z test tests::cancelling_a_finished_operation_leaves_it_untouched ... ok
2026-10-10T13:05:27.3815140Z test tests::cancelling_a_stalled_operation_stops_only_the_remaining_items ... ok
2026-10-10T13:05:27.4746070Z test tests::changed_same_inode_cannot_exceed_approved_bytes ... ok
2026-10-10T13:05:27.4871040Z test tests::copy_staging_refuses_growth_and_the_approved_byte_ceiling ... ok
2026-10-10T13:05:27.5884520Z test tests::copy_staging_stops_on_live_authorization_failure ... ok
2026-10-10T13:05:27.7614450Z test tests::competing_copy_publications_never_overwrite_each_other ... ok
2026-10-10T13:05:28.7407870Z test tests::copy_plan_rejects_unregistered_destination ... ok
2026-10-10T13:05:28.7573060Z test tests::modifying_verified_staging_prevents_publication ... ok
2026-10-10T13:05:28.7679050Z test tests::mutation_uses_the_approved_version_without_refreshing_expected_metadata ... ok
2026-10-10T13:05:28.7913590Z test tests::native_copy_verifies_extended_attributes_and_acl ... ok
2026-10-10T13:05:28.8494810Z test tests::duplicate_objects_are_refused_rather_than_double_counted ... ok
2026-10-10T13:05:28.9340100Z test tests::copy_plan_requires_an_action_grant_not_only_metadata_read ... ok
2026-10-10T13:05:29.0342230Z test tests::operation_locators_round_trip_non_utf8_bytes ... ok
2026-10-10T13:05:29.0528590Z test tests::expired_plan_refuses_a_still_live_approval ... ok
2026-10-10T13:05:29.9517390Z test tests::old_plan_without_source_fingerprint_requires_replanning ... ok
2026-10-10T13:05:30.1344220Z test tests::only_the_configured_authority_may_approve_a_purge ... ok
2026-10-10T13:05:30.1633310Z test tests::operations_and_recovery_survive_rebuilding_the_graph_history ... ok
2026-10-10T13:05:30.2635930Z test tests::operations_are_listed_and_shown_only_to_their_principal ... ok
2026-10-10T13:05:31.2457330Z test tests::parent_and_child_requests_collapse_to_the_child ... ok
2026-10-10T13:05:31.3147120Z test tests::plan_query_tests::a_selected_malformed_column_fails_before_plan_persistence ... ok
2026-10-10T13:05:31.5490320Z test tests::plan_query_tests::a_stale_earlier_path_is_not_hidden_by_a_later_missing_node ... ok
2026-10-10T13:05:31.6496230Z test tests::plan_query_tests::plan_query_benchmark::release_plan_metadata_scaling ... ignored, explicit release metadata scaling benchmark with fresh child processes
2026-10-10T13:05:32.0428750Z test tests::plan_query_tests::a_cross_wired_root_latest_pointer_cannot_replace_scope_ownership ... ok
2026-10-10T13:05:32.5818660Z test tests::plan_query_tests::missing_ids_outside_sqlite_range_remain_missing_nodes ... ok
2026-10-10T13:05:32.8288170Z test tests::plan_query_tests::plans_decode_only_selected_rows_and_preserve_the_exact_items ... ok
2026-10-10T13:05:33.3497110Z test tests::plan_query_tests::selected_legacy_unknown_size_rows_keep_their_live_evidence ... ok
2026-10-10T13:05:33.7166170Z test tests::policy_epoch_change_invalidates_approved_plan ... ok
2026-10-10T13:05:33.7429560Z test tests::plan_query_tests::final_authorization_lock_wait_cannot_extend_the_metadata_deadline ... ok
2026-10-10T13:05:33.9784010Z test tests::purge_requires_a_configured_authority ... ok
2026-10-10T13:05:34.4218590Z test tests::purging_is_refused_rather_than_silently_enabled ... ok
2026-10-10T13:05:34.4852300Z test tests::replacing_the_copy_parent_never_redirects_publication_or_cleanup ... ok
2026-10-10T13:05:34.8640720Z test tests::recorded_details_name_objects_without_leaking_whole_paths ... ok
2026-10-10T13:05:34.8648380Z test tests::revalidation_reports_the_fault_it_refused ... ok
2026-10-10T13:05:35.7116290Z test tests::restoring_after_a_purge_reports_irrecoverable ... ok
2026-10-10T13:05:35.9561210Z test tests::revoked_destination_scope_blocks_previously_approved_copy ... ok
2026-10-10T13:05:36.3173450Z test tests::recovery_references_protect_scope_history_from_pruning ... ok
2026-10-10T13:05:36.8615920Z test tests::revoked_scope_cannot_apply_an_already_approved_move ... ok
2026-10-10T13:05:37.2270360Z test tests::revoking_an_approval_mid_flight_stops_the_next_step ... ok
2026-10-10T13:05:37.6548260Z test tests::same_size_rewrite_cannot_use_an_old_approval ... ok
2026-10-10T13:05:38.3478280Z test tests::trash_moves_into_quarantine_and_never_deletes ... ok
2026-10-10T13:05:38.7159070Z test tests::unresolved_parent_components_cannot_escape_the_destination_scope ... ok
2026-10-10T13:05:38.7419130Z test tests::the_index_is_refreshed_so_a_later_query_sees_the_moved_file ... ok
2026-10-10T13:05:39.3719830Z test tests::withdrawn_action_cannot_apply_an_already_approved_move ... ok
2026-10-10T13:05:47.1778710Z test tests::real_approval_revocation_and_operation_cancel_stop_staging ... ok
2026-10-10T13:05:47.1779430Z
2026-10-10T13:05:47.1779950Z test result: ok. 103 passed; 0 failed; 2 ignored; 0 measured; 0 filtered out; finished in 33.57s
2026-10-10T13:05:47.1780640Z
2026-10-10T13:05:47.1803030Z [1m[92m     Running[0m tests/source_layout.rs (target/debug/deps/source_layout-3470020e6c8f5df9)
2026-10-10T13:05:47.1919470Z
2026-10-10T13:05:47.1928790Z running 7 tests
2026-10-10T13:05:47.1934840Z test gate_excludes_only_explicit_test_modules ... ok
2026-10-10T13:05:47.1936410Z test gate_rejects_a_union_grouped_with_another_object ... ok
2026-10-10T13:05:47.1937370Z test gate_rejects_hidden_objects_private_stubs_and_undocumented_trait_methods ... ok
2026-10-10T13:05:47.1938510Z test gate_only_exempts_the_existing_resource_free_unsupported_cleanup ... ok
2026-10-10T13:05:47.1939580Z test gate_rejects_missing_chinese_contracts_fake_sources_and_entry_bodies ... ok
2026-10-10T13:05:47.1940570Z test gate_requires_chinese_native_source_for_an_isolated_union ... ok
2026-10-10T13:05:47.4095660Z test all_platform_ops_sources_follow_the_rust_contract ... ok
2026-10-10T13:05:47.4096250Z
2026-10-10T13:05:47.4096710Z test result: ok. 7 passed; 0 failed; 0 ignored; 0 measured; 0 filtered out; finished in 0.22s
2026-10-10T13:05:47.4097380Z
2026-10-10T13:05:47.4102330Z [1m[92m     Running[0m tests/specialist_real_host.rs (target/debug/deps/specialist_real_host-44e833a0cc23723c)
2026-10-10T13:05:47.4245310Z
2026-10-10T13:05:47.4245880Z running 3 tests
2026-10-10T13:05:47.4246800Z test the_cargo_adapter_reads_a_real_built_project ... ignored, real-host drill: needs a working cargo toolchain
2026-10-10T13:05:47.4248380Z test the_docker_adapter_creates_reads_and_removes_one_exact_volume ... ignored, real-host drill: needs a running docker daemon
2026-10-10T13:05:47.4249970Z test the_docker_usage_check_refuses_a_volume_in_real_use ... ignored, real-host drill: needs a running docker daemon
2026-10-10T13:05:47.4250820Z
2026-10-10T13:05:47.4251320Z test result: ok. 0 passed; 0 failed; 3 ignored; 0 measured; 0 filtered out; finished in 0.00s
2026-10-10T13:05:47.4252590Z
2026-10-10T13:05:47.4253400Z [1m[92m     Running[0m unittests src/lib.rs (target/debug/deps/diskgraph_scan_worker-9494184af6e65fa1)
2026-10-10T13:05:47.4384140Z
2026-10-10T13:05:47.4385840Z running 15 tests
2026-10-10T13:05:47.4389030Z disposal workspace nodes=20000 reserved_bytes=640000 limit_bytes=1280000
2026-10-10T13:05:47.4389950Z test macos_process_limit_tests::isolated_limit_fixture ... ok
2026-10-10T13:05:47.4404350Z test decoded_tree::tests::disposal_workspace_does_not_reserve_a_second_full_node_array ... ok
2026-10-10T13:05:47.4416810Z CONTROL_ERROR_RACE {"after_join_error":{"code":"protocol","io_kind":"invalid_data","message":"qualified control Read failure","raw_os_error":null,"type":"error"},"first_error":null,"hook_lock_available":false,"joined":true,"requested_kind":"invalid_data"}
2026-10-10T13:05:47.4420120Z CONTROL_ERROR_RACE {"after_join_error":{"code":"protocol","io_kind":"unexpected_eof","message":"qualified control Read failure","raw_os_error":null,"type":"error"},"first_error":null,"hook_lock_available":false,"joined":true,"requested_kind":"unexpected_eof"}
2026-10-10T13:05:47.4422470Z test prepared_payload_tests::data_preparation_serializes_once_and_commit_uses_same_bytes ... ok
2026-10-10T13:05:47.4424080Z test prepared_payload_tests::actual_body_io_error_after_header_preserves_errno_and_blocks_terminal_append ... ok
2026-10-10T13:05:47.4425610Z test prepared_payload_tests::ordinary_prepare_error_latches_without_using_budget_text_as_classification ... ok
2026-10-10T13:05:47.4426980Z test prepared_payload_tests::quota_preflight_preserves_terminal_space_in_original_ledger ... ok
2026-10-10T13:05:47.4428320Z test assembly_operation_tests::reversal_and_merge_share_one_original_checkpoint_operation_budget ... ok
2026-10-10T13:05:47.4429740Z test worker_control::tests::invalid_data_published_during_check_is_never_reclassified_as_cancelled ... ok
2026-10-10T13:05:47.4431280Z test worker_control::tests::unexpected_eof_published_during_check_is_never_reclassified_as_cancelled ... ok
2026-10-10T13:05:47.4432760Z test worker_output_terminal_tests::buffered_terminal_flush_failure_preserves_pipe_error_and_latches_output ... ok
2026-10-10T13:05:47.4434080Z test worker_request_tests::clean_cancel_is_accepted_by_the_actual_bounded_reader ... ok
2026-10-10T13:05:47.4435390Z test worker_output_terminal_tests::end_consumes_reserved_space_after_last_node_without_an_extra_data_header ... ok
2026-10-10T13:05:47.4436780Z test worker_request_tests::unknown_cancel_fields_are_rejected_by_the_actual_bounded_reader ... ok
2026-10-10T13:05:47.4557830Z test macos_process_limit_tests::helper_limit_is_real_and_does_not_change_parent_limit ... ok
2026-10-10T13:05:47.4767990Z PIPE_BATCH nodes=1001 writes=5 encoded_bytes=238163
2026-10-10T13:05:47.4770010Z test worker_output_terminal_tests::actual_pipe_output_batches_nodes_and_flushes_hello_and_complete_terminal ... ok
2026-10-10T13:05:47.4770920Z
2026-10-10T13:05:47.4772090Z test result: ok. 15 passed; 0 failed; 0 ignored; 0 measured; 0 filtered out; finished in 0.04s
2026-10-10T13:05:47.4772790Z
2026-10-10T13:05:47.4776130Z [1m[92m     Running[0m unittests src/main.rs (target/debug/deps/diskgraph_scan_worker-09dd5ff17a5bac52)
2026-10-10T13:05:47.4905100Z
2026-10-10T13:05:47.4905820Z running 0 tests
2026-10-10T13:05:47.4906110Z
2026-10-10T13:05:47.4906590Z test result: ok. 0 passed; 0 failed; 0 ignored; 0 measured; 0 filtered out; finished in 0.00s
2026-10-10T13:05:47.4907260Z
2026-10-10T13:05:47.4908820Z [1m[92m     Running[0m tests/assembly_checkpoint.rs (target/debug/deps/assembly_checkpoint-4a5c92b7b576cae2)
2026-10-10T13:05:47.5038050Z
2026-10-10T13:05:47.5040230Z running 4 tests
2026-10-10T13:05:47.6159390Z
2026-10-10T13:05:47.6167310Z test checkpoint_unwind_after_partial_deep_merge_disposes_without_recursive_stack ... ok
2026-10-10T13:05:47.6170030Z thread '<unnamed>' (91995) panicked at crates/diskgraph-scan-worker/tests/assembly_checkpoint.rs:142:25:
2026-10-10T13:05:47.6172110Z original checkpoint panic
2026-10-10T13:05:47.6173970Z note: run with `RUST_BACKTRACE=1` environment variable to display a backtrace
2026-10-10T13:05:47.6498130Z test wide_tree_preserves_sibling_order_with_repeated_original_checks ... ok
2026-10-10T13:05:47.6521020Z test checkpoint_failure_preserves_non_clone_reason_and_latches_decoder ... ok
2026-10-10T13:05:47.8211010Z test cancellation_after_partial_deep_merge_uses_iterative_disposal ... ok
2026-10-10T13:05:47.8211680Z
2026-10-10T13:05:47.8212150Z test result: ok. 4 passed; 0 failed; 0 ignored; 0 measured; 0 filtered out; finished in 0.32s
2026-10-10T13:05:47.8212820Z
2026-10-10T13:05:47.8219550Z [1m[92m     Running[0m tests/budget_failure.rs (target/debug/deps/budget_failure-100f1e4bcc77f82b)
2026-10-10T13:05:47.8346440Z
2026-10-10T13:05:47.8355060Z running 5 tests
2026-10-10T13:05:47.8358540Z test invalid_data_budget_words_cannot_mint_a_budget_code ... ok
2026-10-10T13:05:47.8359940Z test budget_phase_requires_hello_invalid_data_and_absence_of_os_code ... ok
2026-10-10T13:05:47.8361060Z test actual_output_node_quota_preserves_typed_budget_code_and_original_io_facts ... ok
2026-10-10T13:05:47.8362220Z test real_filesystem_error_preserves_native_facts_without_budget_classification ... ok
2026-10-10T13:05:47.8363300Z test sufficient_node_quota_preserves_complete_tree_fields_and_order ... ok
2026-10-10T13:05:47.8363900Z
2026-10-10T13:05:47.8364360Z test result: ok. 5 passed; 0 failed; 0 ignored; 0 measured; 0 filtered out; finished in 0.00s
2026-10-10T13:05:47.8365020Z
2026-10-10T13:05:47.8365780Z [1m[92m     Running[0m tests/deep_disposal.rs (target/debug/deps/deep_disposal-971578a81d25e8af)
2026-10-10T13:05:47.8496260Z
2026-10-10T13:05:47.8496860Z running 1 test
2026-10-10T13:05:48.4520480Z test deep_tree_success_and_failure_dispose_without_recursive_stack_drop ... ok
2026-10-10T13:05:48.4521130Z
2026-10-10T13:05:48.4521590Z test result: ok. 1 passed; 0 failed; 0 ignored; 0 measured; 0 filtered out; finished in 0.60s
2026-10-10T13:05:48.4522260Z
2026-10-10T13:05:48.4530530Z [1m[92m     Running[0m tests/disposal_allocation.rs (target/debug/deps/disposal_allocation-ba439600fbce9876)
2026-10-10T13:05:48.4655760Z
2026-10-10T13:05:48.4656560Z running 2 tests
2026-10-10T13:05:48.7859670Z test deep_original_tree_drop_on_small_stack_does_not_allocate ... ok
2026-10-10T13:05:49.0957100Z test wide_original_tree_drop_does_not_allocate ... ok
2026-10-10T13:05:49.0957600Z
2026-10-10T13:05:49.0958070Z test result: ok. 2 passed; 0 failed; 0 ignored; 0 measured; 0 filtered out; finished in 0.63s
2026-10-10T13:05:49.0958910Z
2026-10-10T13:05:49.0968170Z [1m[92m     Running[0m tests/execution_assembly.rs (target/debug/deps/execution_assembly-7a7083365f1a8d64)
2026-10-10T13:05:49.1096500Z
2026-10-10T13:05:49.1096920Z running 2 tests
2026-10-10T13:05:49.1190730Z test one_actual_pinned_scan_roundtrips_all_fields_and_sibling_order ... ok
2026-10-10T13:05:49.2543190Z test deep_complete_tree_and_failed_partial_assembly_drop_without_recursive_stack ... ok
2026-10-10T13:05:49.2544100Z
2026-10-10T13:05:49.2545280Z test result: ok. 2 passed; 0 failed; 0 ignored; 0 measured; 0 filtered out; finished in 0.14s
2026-10-10T13:05:49.2546000Z
2026-10-10T13:05:49.2552370Z [1m[92m     Running[0m tests/execution_decoder.rs (target/debug/deps/execution_decoder-d3debb0175921b77)
2026-10-10T13:05:49.2680350Z
2026-10-10T13:05:49.2686460Z running 9 tests
2026-10-10T13:05:49.2691280Z test cumulative_stream_limit_includes_hello_and_all_tree_headers ... ok
2026-10-10T13:05:49.2693460Z test hello_version_target_pin_and_output_phase_must_match_the_same_execution ... ok
2026-10-10T13:05:49.2694570Z test failure_phase_has_one_terminal_and_only_protocol_can_precede_hello ... ok
2026-10-10T13:05:49.2695600Z test malformed_payload_cannot_be_skipped_or_continue_to_a_later_good_frame ... ok
2026-10-10T13:05:49.2696850Z test invalid_tree_parent_count_and_node_budget_never_deliver_partial_success ... ok
2026-10-10T13:05:49.2697910Z test one_byte_fragments_and_coalesced_frames_consume_only_through_one_event ... ok
2026-10-10T13:05:49.2698940Z test partial_header_body_and_missing_end_are_explicit_eof_failures ... ok
2026-10-10T13:05:49.2700390Z test progress_finished_and_end_are_not_clean_eof_or_os_exit_permits ... ok
2026-10-10T13:05:49.2786030Z test every_header_and_body_split_preserves_one_terminal_event_then_requires_eof ... ok
2026-10-10T13:05:49.2786730Z
2026-10-10T13:05:49.2787200Z test result: ok. 9 passed; 0 failed; 0 ignored; 0 measured; 0 filtered out; finished in 0.01s
2026-10-10T13:05:49.2787850Z
2026-10-10T13:05:49.2791290Z [1m[92m     Running[0m tests/execution_decoder_allocation.rs (target/debug/deps/execution_decoder_allocation-2a3a307d6dc0bd0a)
2026-10-10T13:05:49.2915000Z
2026-10-10T13:05:49.2916180Z running 2 tests
2026-10-10T13:05:49.3047410Z test oversized_stream_charge_is_refused_before_body_allocation ... ok
2026-10-10T13:05:49.3117120Z test oversized_single_frame_is_refused_before_body_allocation ... ok
2026-10-10T13:05:49.3117700Z
2026-10-10T13:05:49.3118460Z test result: ok. 2 passed; 0 failed; 0 ignored; 0 measured; 0 filtered out; finished in 0.02s
2026-10-10T13:05:49.3119340Z
2026-10-10T13:05:49.3120910Z [1m[92m     Running[0m tests/execution_dtos.rs (target/debug/deps/execution_dtos-ffcd05855c461696)
2026-10-10T13:05:49.3246290Z
2026-10-10T13:05:49.3251450Z running 4 tests
2026-10-10T13:05:49.3252980Z test real_io_failure_wire_retains_kind_os_code_message_and_clean_failure_eof ... ok
2026-10-10T13:05:49.3254930Z test execution_error_unknown_kind_field_or_phase_is_not_an_authorization_result ... ok
2026-10-10T13:05:49.3256620Z test shared_request_preserves_original_root_seven_options_and_explicit_limits ... ok
2026-10-10T13:05:49.3257970Z test request_validation_rejects_unknown_fields_versions_relative_roots_and_limits ... ok
2026-10-10T13:05:49.3258670Z
2026-10-10T13:05:49.3259130Z test result: ok. 4 passed; 0 failed; 0 ignored; 0 measured; 0 filtered out; finished in 0.00s
2026-10-10T13:05:49.3259790Z
2026-10-10T13:05:49.3262610Z [1m[92m     Running[0m tests/execution_input_closed.rs (target/debug/deps/execution_input_closed-4b7d4999d0d2fecb)
2026-10-10T13:05:49.3388410Z
2026-10-10T13:05:49.3395990Z running 5 tests
2026-10-10T13:05:49.3764900Z test real_request_nested_path_unknown_field_is_closed ... ok
2026-10-10T13:05:49.3765760Z test real_request_nested_options_unknown_field_is_closed ... ok
2026-10-10T13:05:49.3831840Z test real_request_nested_limits_and_request_unknown_fields_are_closed ... ok
2026-10-10T13:05:49.3832890Z test real_request_preserves_all_seven_options_and_explicit_limits ... ok
2026-10-10T13:05:49.4999060Z test real_request_unknown_outer_fields_fail_before_hello ... ok
2026-10-10T13:05:49.4999610Z
2026-10-10T13:05:49.5000080Z test result: ok. 5 passed; 0 failed; 0 ignored; 0 measured; 0 filtered out; finished in 0.16s
2026-10-10T13:05:49.5000740Z
2026-10-10T13:05:49.5004640Z [1m[92m     Running[0m tests/execution_worker_byte_budget.rs (target/debug/deps/execution_worker_byte_budget-81033da293b8e9dd)
2026-10-10T13:05:49.5129840Z
2026-10-10T13:05:49.5133280Z running 3 tests
2026-10-10T13:05:49.6540630Z actual_byte_budget status=ExitStatus(unix_wait_status(256)) rescue=false stderr=""
2026-10-10T13:05:49.6544440Z actual_byte_budget status=ExitStatus(unix_wait_status(256)) rescue=false stderr=""
2026-10-10T13:05:49.6545510Z test actual_frame_byte_quota_preserves_bounded_typed_terminal_and_wait ... ok
2026-10-10T13:05:49.6570830Z test actual_stream_byte_quota_preserves_bounded_typed_terminal_and_wait ... ok
2026-10-10T13:05:49.6656190Z actual_byte_budget status=ExitStatus(unix_wait_status(0)) rescue=false stderr=""
2026-10-10T13:05:49.6684740Z test ample_original_bytes_deliver_complete_same_fixture_without_budget_error ... ok
2026-10-10T13:05:49.6685410Z
2026-10-10T13:05:49.6685890Z test result: ok. 3 passed; 0 failed; 0 ignored; 0 measured; 0 filtered out; finished in 0.16s
2026-10-10T13:05:49.6686550Z
2026-10-10T13:05:49.6689820Z [1m[92m     Running[0m tests/execution_worker_stream.rs (target/debug/deps/execution_worker_stream-9238ef1d31ebaf45)
2026-10-10T13:05:49.6815950Z
2026-10-10T13:05:49.6824340Z running 4 tests
2026-10-10T13:05:49.6909220Z test actual_prepare_failure_stdout_has_exact_io_protocol_failure_then_eof_and_failed_wait ... ok
2026-10-10T13:05:49.7498440Z test actual_depth_budget_stdout_reports_typed_failure_after_root_then_eof_and_failed_wait ... ok
2026-10-10T13:05:49.7499710Z test actual_success_stdout_closes_control_on_end_then_delivers_tree_after_eof_and_wait ... ok
2026-10-10T13:05:49.7901280Z test actual_node_budget_stdout_reports_typed_failure_after_scan_then_eof_and_failed_wait ... ok
2026-10-10T13:05:49.7902060Z
2026-10-10T13:05:49.7902530Z test result: ok. 4 passed; 0 failed; 0 ignored; 0 measured; 0 filtered out; finished in 0.11s
2026-10-10T13:05:49.7903200Z
2026-10-10T13:05:49.7906580Z [1m[92m     Running[0m tests/frame_cancel.rs (target/debug/deps/frame_cancel-0423259ae3817cbb)
2026-10-10T13:05:49.8038010Z
2026-10-10T13:05:49.8039130Z running 2 tests
2026-10-10T13:05:49.8042560Z test public_cancel_preserves_constructor_wire_and_bounded_roundtrip ... ok
2026-10-10T13:05:49.8043620Z test public_cancel_unknown_field_is_invalid_and_latches_original_reader ... ok
2026-10-10T13:05:49.8044240Z
2026-10-10T13:05:49.8044710Z test result: ok. 2 passed; 0 failed; 0 ignored; 0 measured; 0 filtered out; finished in 0.00s
2026-10-10T13:05:49.8045380Z
2026-10-10T13:05:49.8047840Z [1m[92m     Running[0m tests/framing.rs (target/debug/deps/framing-94acd3dcfa11ea08)
2026-10-10T13:05:49.8172810Z
2026-10-10T13:05:49.8176890Z running 4 tests
2026-10-10T13:05:49.8177400Z test eof_without_end_cannot_produce_a_tree ... ok
2026-10-10T13:05:49.8178400Z test oversized_frame_header_is_rejected_before_body_read ... ok
2026-10-10T13:05:49.8179260Z test cumulative_wire_bytes_are_not_reset_between_frames ... ok
2026-10-10T13:05:49.8180150Z test unknown_frame_variant_and_truncated_header_or_body_are_refused ... ok
2026-10-10T13:05:49.8180730Z
2026-10-10T13:05:49.8181200Z test result: ok. 4 passed; 0 failed; 0 ignored; 0 measured; 0 filtered out; finished in 0.00s
2026-10-10T13:05:49.8181890Z
2026-10-10T13:05:49.8183130Z [1m[92m     Running[0m tests/pinned_dedup_characterization.rs (target/debug/deps/pinned_dedup_characterization-294ca40e7950dee8)
2026-10-10T13:05:49.8309200Z
2026-10-10T13:05:49.8309580Z running 1 test
2026-10-10T13:05:49.8458230Z PINNED_DEDUP_OBSERVATION {"decoded_flat_nodes":[{"bytes":16384,"category":8,"child_count":4,"depth":0,"dirs":2,"files":4,"inode":null,"kind":0,"modified":1791637549,"name":"tree","own_bytes":4096,"own_files":3,"parent":null,"read_error":false,"reclaim":null,"sequence":0},{"bytes":12288,"category":8,"child_count":1,"depth":1,"dirs":1,"files":1,"inode":null,"kind":0,"modified":1791637549,"name":"nested","own_bytes":12288,"own_files":1,"parent":0,"read_error":false,"reclaim":null,"sequence":1},{"bytes":12288,"category":8,"child_count":0,"depth":2,"dirs":0,"files":1,"inode":[16777220,12888402588],"kind":1,"modified":1791637549,"name":"independent","own_bytes":12288,"own_files":1,"parent":1,"read_error":false,"reclaim":null,"sequence":2},{"bytes":4096,"category":8,"child_count":0,"depth":1,"dirs":0,"files":1,"inode":[16777220,12888402585],"kind":1,"modified":1791637549,"name":"linked-file","own_bytes":4096,"own_files":1,"parent":0,"read_error":false,"reclaim":null,"sequence":3},{"bytes":0,"category":8,"child_count":0,"depth":1,"dirs":0,"files":1,"inode":[16777220,12888402585],"kind":1,"modified":1791637549,"name":"hardlink.txt","own_bytes":0,"own_files":1,"parent":0,"read_error":false,"reclaim":null,"sequence":4},{"bytes":0,"category":8,"child_count":0,"depth":1,"dirs":0,"files":1,"inode":[16777220,12888402585],"kind":1,"modified":1791637549,"name":"ordinary.txt","own_bytes":0,"own_files":1,"parent":0,"read_error":false,"reclaim":null,"sequence":5}],"encoded_bytes":1604,"encoded_nodes":6,"group_bytes":4096,"inode_group":[{"bytes":4096,"category":8,"child_count":0,"depth":1,"dirs":0,"files":1,"inode":[16777220,12888402585],"kind":1,"modified":1791637549,"name":"linked-file","own_bytes":4096,"own_files":1,"parent":0,"read_error":false,"reclaim":null,"sequence":3},{"bytes":0,"category":8,"child_count":0,"depth":1,"dirs":0,"files":1,"inode":[16777220,12888402585],"kind":1,"modified":1791637549,"name":"hardlink.txt","own_bytes":0,"own_files":1,"parent":0,"read_error":false,"reclaim":null,"sequence":4},{"bytes":0,"category":8,"child_count":0,"depth":1,"dirs":0,"files":1,"inode":[16777220,12888402585],"kind":1,"modified":1791637549,"name":"ordinary.txt","own_bytes":0,"own_files":1,"parent":0,"read_error":false,"reclaim":null,"sequence":5}],"options":{"apparent_size":false,"dedup_hardlinks":true,"follow_links":true,"include_hidden":true,"max_depth":null,"metric":0,"one_filesystem":true},"original_flat_nodes":[{"bytes":16384,"category":8,"child_count":4,"depth":0,"dirs":2,"files":4,"inode":null,"kind":0,"modified":1791637549,"name":"tree","own_bytes":4096,"own_files":3,"parent":null,"read_error":false,"reclaim":null,"sequence":0},{"bytes":12288,"category":8,"child_count":1,"depth":1,"dirs":1,"files":1,"inode":null,"kind":0,"modified":1791637549,"name":"nested","own_bytes":12288,"own_files":1,"parent":0,"read_error":false,"reclaim":null,"sequence":1},{"bytes":12288,"category":8,"child_count":0,"depth":2,"dirs":0,"files":1,"inode":[16777220,12888402588],"kind":1,"modified":1791637549,"name":"independent","own_bytes":12288,"own_files":1,"parent":1,"read_error":false,"reclaim":null,"sequence":2},{"bytes":4096,"category":8,"child_count":0,"depth":1,"dirs":0,"files":1,"inode":[16777220,12888402585],"kind":1,"modified":1791637549,"name":"linked-file","own_bytes":4096,"own_files":1,"parent":0,"read_error":false,"reclaim":null,"sequence":3},{"bytes":0,"category":8,"child_count":0,"depth":1,"dirs":0,"files":1,"inode":[16777220,12888402585],"kind":1,"modified":1791637549,"name":"hardlink.txt","own_bytes":0,"own_files":1,"parent":0,"read_error":false,"reclaim":null,"sequence":4},{"bytes":0,"category":8,"child_count":0,"depth":1,"dirs":0,"files":1,"inode":[16777220,12888402585],"kind":1,"modified":1791637549,"name":"ordinary.txt","own_bytes":0,"own_files":1,"parent":0,"read_error":false,"reclaim":null,"sequence":5}],"pin":"158f9cc2f0b332194a3ffc5acec47760c99146d8","progress":{"bytes":24576,"cancelled":false,"dirs":1,"errors":0,"files":4,"finished":true,"messages":[]},"root":{"bytes":16384,"category":8,"child_count":4,"depth":0,"dirs":2,"files":4,"inode":null,"kind":0,"modified":1791637549,"name":"tree","own_bytes":4096,"own_files":3,"parent":null,"read_error":false,"reclaim":null,"sequence":0},"run":0,"same_identity":true,"same_run_all_fields_and_order_equal":true,"sibling_order":["nested","linked-file","hardlink.txt","ordinary.txt"],"winner_names":["linked-file"]}
2026-10-10T13:05:49.8563270Z PINNED_DEDUP_OBSERVATION {"decoded_flat_nodes":[{"bytes":16384,"category":8,"child_count":4,"depth":0,"dirs":2,"files":4,"inode":null,"kind":0,"modified":1791637549,"name":"tree","own_bytes":4096,"own_files":3,"parent":null,"read_error":false,"reclaim":null,"sequence":0},{"bytes":12288,"category":8,"child_count":1,"depth":1,"dirs":1,"files":1,"inode":null,"kind":0,"modified":1791637549,"name":"nested","own_bytes":12288,"own_files":1,"parent":0,"read_error":false,"reclaim":null,"sequence":1},{"bytes":12288,"category":8,"child_count":0,"depth":2,"dirs":0,"files":1,"inode":[16777220,12888402588],"kind":1,"modified":1791637549,"name":"independent","own_bytes":12288,"own_files":1,"parent":1,"read_error":false,"reclaim":null,"sequence":2},{"bytes":4096,"category":8,"child_count":0,"depth":1,"dirs":0,"files":1,"inode":[16777220,12888402585],"kind":1,"modified":1791637549,"name":"linked-file","own_bytes":4096,"own_files":1,"parent":0,"read_error":false,"reclaim":null,"sequence":3},{"bytes":0,"category":8,"child_count":0,"depth":1,"dirs":0,"files":1,"inode":[16777220,12888402585],"kind":1,"modified":1791637549,"name":"hardlink.txt","own_bytes":0,"own_files":1,"parent":0,"read_error":false,"reclaim":null,"sequence":4},{"bytes":0,"category":8,"child_count":0,"depth":1,"dirs":0,"files":1,"inode":[16777220,12888402585],"kind":1,"modified":1791637549,"name":"ordinary.txt","own_bytes":0,"own_files":1,"parent":0,"read_error":false,"reclaim":null,"sequence":5}],"encoded_bytes":1604,"encoded_nodes":6,"group_bytes":4096,"inode_group":[{"bytes":4096,"category":8,"child_count":0,"depth":1,"dirs":0,"files":1,"inode":[16777220,12888402585],"kind":1,"modified":1791637549,"name":"linked-file","own_bytes":4096,"own_files":1,"parent":0,"read_error":false,"reclaim":null,"sequence":3},{"bytes":0,"category":8,"child_count":0,"depth":1,"dirs":0,"files":1,"inode":[16777220,12888402585],"kind":1,"modified":1791637549,"name":"hardlink.txt","own_bytes":0,"own_files":1,"parent":0,"read_error":false,"reclaim":null,"sequence":4},{"bytes":0,"category":8,"child_count":0,"depth":1,"dirs":0,"files":1,"inode":[16777220,12888402585],"kind":1,"modified":1791637549,"name":"ordinary.txt","own_bytes":0,"own_files":1,"parent":0,"read_error":false,"reclaim":null,"sequence":5}],"options":{"apparent_size":false,"dedup_hardlinks":true,"follow_links":true,"include_hidden":true,"max_depth":null,"metric":0,"one_filesystem":true},"original_flat_nodes":[{"bytes":16384,"category":8,"child_count":4,"depth":0,"dirs":2,"files":4,"inode":null,"kind":0,"modified":1791637549,"name":"tree","own_bytes":4096,"own_files":3,"parent":null,"read_error":false,"reclaim":null,"sequence":0},{"bytes":12288,"category":8,"child_count":1,"depth":1,"dirs":1,"files":1,"inode":null,"kind":0,"modified":1791637549,"name":"nested","own_bytes":12288,"own_files":1,"parent":0,"read_error":false,"reclaim":null,"sequence":1},{"bytes":12288,"category":8,"child_count":0,"depth":2,"dirs":0,"files":1,"inode":[16777220,12888402588],"kind":1,"modified":1791637549,"name":"independent","own_bytes":12288,"own_files":1,"parent":1,"read_error":false,"reclaim":null,"sequence":2},{"bytes":4096,"category":8,"child_count":0,"depth":1,"dirs":0,"files":1,"inode":[16777220,12888402585],"kind":1,"modified":1791637549,"name":"linked-file","own_bytes":4096,"own_files":1,"parent":0,"read_error":false,"reclaim":null,"sequence":3},{"bytes":0,"category":8,"child_count":0,"depth":1,"dirs":0,"files":1,"inode":[16777220,12888402585],"kind":1,"modified":1791637549,"name":"hardlink.txt","own_bytes":0,"own_files":1,"parent":0,"read_error":false,"reclaim":null,"sequence":4},{"bytes":0,"category":8,"child_count":0,"depth":1,"dirs":0,"files":1,"inode":[16777220,12888402585],"kind":1,"modified":1791637549,"name":"ordinary.txt","own_bytes":0,"own_files":1,"parent":0,"read_error":false,"reclaim":null,"sequence":5}],"pin":"158f9cc2f0b332194a3ffc5acec47760c99146d8","progress":{"bytes":24576,"cancelled":false,"dirs":1,"errors":0,"files":4,"finished":true,"messages":[]},"root":{"bytes":16384,"category":8,"child_count":4,"depth":0,"dirs":2,"files":4,"inode":null,"kind":0,"modified":1791637549,"name":"tree","own_bytes":4096,"own_files":3,"parent":null,"read_error":false,"reclaim":null,"sequence":0},"run":1,"same_identity":true,"same_run_all_fields_and_order_equal":true,"sibling_order":["nested","linked-file","hardlink.txt","ordinary.txt"],"winner_names":["linked-file"]}
2026-10-10T13:05:49.8630460Z PINNED_DEDUP_OBSERVATION {"decoded_flat_nodes":[{"bytes":16384,"category":8,"child_count":4,"depth":0,"dirs":2,"files":4,"inode":null,"kind":0,"modified":1791637549,"name":"tree","own_bytes":4096,"own_files":3,"parent":null,"read_error":false,"reclaim":null,"sequence":0},{"bytes":12288,"category":8,"child_count":1,"depth":1,"dirs":1,"files":1,"inode":null,"kind":0,"modified":1791637549,"name":"nested","own_bytes":12288,"own_files":1,"parent":0,"read_error":false,"reclaim":null,"sequence":1},{"bytes":12288,"category":8,"child_count":0,"depth":2,"dirs":0,"files":1,"inode":[16777220,12888402588],"kind":1,"modified":1791637549,"name":"independent","own_bytes":12288,"own_files":1,"parent":1,"read_error":false,"reclaim":null,"sequence":2},{"bytes":4096,"category":8,"child_count":0,"depth":1,"dirs":0,"files":1,"inode":[16777220,12888402585],"kind":1,"modified":1791637549,"name":"linked-file","own_bytes":4096,"own_files":1,"parent":0,"read_error":false,"reclaim":null,"sequence":3},{"bytes":0,"category":8,"child_count":0,"depth":1,"dirs":0,"files":1,"inode":[16777220,12888402585],"kind":1,"modified":1791637549,"name":"hardlink.txt","own_bytes":0,"own_files":1,"parent":0,"read_error":false,"reclaim":null,"sequence":4},{"bytes":0,"category":8,"child_count":0,"depth":1,"dirs":0,"files":1,"inode":[16777220,12888402585],"kind":1,"modified":1791637549,"name":"ordinary.txt","own_bytes":0,"own_files":1,"parent":0,"read_error":false,"reclaim":null,"sequence":5}],"encoded_bytes":1604,"encoded_nodes":6,"group_bytes":4096,"inode_group":[{"bytes":4096,"category":8,"child_count":0,"depth":1,"dirs":0,"files":1,"inode":[16777220,12888402585],"kind":1,"modified":1791637549,"name":"linked-file","own_bytes":4096,"own_files":1,"parent":0,"read_error":false,"reclaim":null,"sequence":3},{"bytes":0,"category":8,"child_count":0,"depth":1,"dirs":0,"files":1,"inode":[16777220,12888402585],"kind":1,"modified":1791637549,"name":"hardlink.txt","own_bytes":0,"own_files":1,"parent":0,"read_error":false,"reclaim":null,"sequence":4},{"bytes":0,"category":8,"child_count":0,"depth":1,"dirs":0,"files":1,"inode":[16777220,12888402585],"kind":1,"modified":1791637549,"name":"ordinary.txt","own_bytes":0,"own_files":1,"parent":0,"read_error":false,"reclaim":null,"sequence":5}],"options":{"apparent_size":false,"dedup_hardlinks":true,"follow_links":true,"include_hidden":true,"max_depth":null,"metric":0,"one_filesystem":true},"original_flat_nodes":[{"bytes":16384,"category":8,"child_count":4,"depth":0,"dirs":2,"files":4,"inode":null,"kind":0,"modified":1791637549,"name":"tree","own_bytes":4096,"own_files":3,"parent":null,"read_error":false,"reclaim":null,"sequence":0},{"bytes":12288,"category":8,"child_count":1,"depth":1,"dirs":1,"files":1,"inode":null,"kind":0,"modified":1791637549,"name":"nested","own_bytes":12288,"own_files":1,"parent":0,"read_error":false,"reclaim":null,"sequence":1},{"bytes":12288,"category":8,"child_count":0,"depth":2,"dirs":0,"files":1,"inode":[16777220,12888402588],"kind":1,"modified":1791637549,"name":"independent","own_bytes":12288,"own_files":1,"parent":1,"read_error":false,"reclaim":null,"sequence":2},{"bytes":4096,"category":8,"child_count":0,"depth":1,"dirs":0,"files":1,"inode":[16777220,12888402585],"kind":1,"modified":1791637549,"name":"linked-file","own_bytes":4096,"own_files":1,"parent":0,"read_error":false,"reclaim":null,"sequence":3},{"bytes":0,"category":8,"child_count":0,"depth":1,"dirs":0,"files":1,"inode":[16777220,12888402585],"kind":1,"modified":1791637549,"name":"hardlink.txt","own_bytes":0,"own_files":1,"parent":0,"read_error":false,"reclaim":null,"sequence":4},{"bytes":0,"category":8,"child_count":0,"depth":1,"dirs":0,"files":1,"inode":[16777220,12888402585],"kind":1,"modified":1791637549,"name":"ordinary.txt","own_bytes":0,"own_files":1,"parent":0,"read_error":false,"reclaim":null,"sequence":5}],"pin":"158f9cc2f0b332194a3ffc5acec47760c99146d8","progress":{"bytes":24576,"cancelled":false,"dirs":1,"errors":0,"files":4,"finished":true,"messages":[]},"root":{"bytes":16384,"category":8,"child_count":4,"depth":0,"dirs":2,"files":4,"inode":null,"kind":0,"modified":1791637549,"name":"tree","own_bytes":4096,"own_files":3,"parent":null,"read_error":false,"reclaim":null,"sequence":0},"run":2,"same_identity":true,"same_run_all_fields_and_order_equal":true,"sibling_order":["nested","linked-file","hardlink.txt","ordinary.txt"],"winner_names":["linked-file"]}
2026-10-10T13:05:49.8718160Z PINNED_DEDUP_OBSERVATION {"decoded_flat_nodes":[{"bytes":16384,"category":8,"child_count":4,"depth":0,"dirs":2,"files":4,"inode":null,"kind":0,"modified":1791637549,"name":"tree","own_bytes":4096,"own_files":3,"parent":null,"read_error":false,"reclaim":null,"sequence":0},{"bytes":12288,"category":8,"child_count":1,"depth":1,"dirs":1,"files":1,"inode":null,"kind":0,"modified":1791637549,"name":"nested","own_bytes":12288,"own_files":1,"parent":0,"read_error":false,"reclaim":null,"sequence":1},{"bytes":12288,"category":8,"child_count":0,"depth":2,"dirs":0,"files":1,"inode":[16777220,12888402588],"kind":1,"modified":1791637549,"name":"independent","own_bytes":12288,"own_files":1,"parent":1,"read_error":false,"reclaim":null,"sequence":2},{"bytes":4096,"category":8,"child_count":0,"depth":1,"dirs":0,"files":1,"inode":[16777220,12888402585],"kind":1,"modified":1791637549,"name":"linked-file","own_bytes":4096,"own_files":1,"parent":0,"read_error":false,"reclaim":null,"sequence":3},{"bytes":0,"category":8,"child_count":0,"depth":1,"dirs":0,"files":1,"inode":[16777220,12888402585],"kind":1,"modified":1791637549,"name":"hardlink.txt","own_bytes":0,"own_files":1,"parent":0,"read_error":false,"reclaim":null,"sequence":4},{"bytes":0,"category":8,"child_count":0,"depth":1,"dirs":0,"files":1,"inode":[16777220,12888402585],"kind":1,"modified":1791637549,"name":"ordinary.txt","own_bytes":0,"own_files":1,"parent":0,"read_error":false,"reclaim":null,"sequence":5}],"encoded_bytes":1604,"encoded_nodes":6,"group_bytes":4096,"inode_group":[{"bytes":4096,"category":8,"child_count":0,"depth":1,"dirs":0,"files":1,"inode":[16777220,12888402585],"kind":1,"modified":1791637549,"name":"linked-file","own_bytes":4096,"own_files":1,"parent":0,"read_error":false,"reclaim":null,"sequence":3},{"bytes":0,"category":8,"child_count":0,"depth":1,"dirs":0,"files":1,"inode":[16777220,12888402585],"kind":1,"modified":1791637549,"name":"hardlink.txt","own_bytes":0,"own_files":1,"parent":0,"read_error":false,"reclaim":null,"sequence":4},{"bytes":0,"category":8,"child_count":0,"depth":1,"dirs":0,"files":1,"inode":[16777220,12888402585],"kind":1,"modified":1791637549,"name":"ordinary.txt","own_bytes":0,"own_files":1,"parent":0,"read_error":false,"reclaim":null,"sequence":5}],"options":{"apparent_size":false,"dedup_hardlinks":true,"follow_links":true,"include_hidden":true,"max_depth":null,"metric":0,"one_filesystem":true},"original_flat_nodes":[{"bytes":16384,"category":8,"child_count":4,"depth":0,"dirs":2,"files":4,"inode":null,"kind":0,"modified":1791637549,"name":"tree","own_bytes":4096,"own_files":3,"parent":null,"read_error":false,"reclaim":null,"sequence":0},{"bytes":12288,"category":8,"child_count":1,"depth":1,"dirs":1,"files":1,"inode":null,"kind":0,"modified":1791637549,"name":"nested","own_bytes":12288,"own_files":1,"parent":0,"read_error":false,"reclaim":null,"sequence":1},{"bytes":12288,"category":8,"child_count":0,"depth":2,"dirs":0,"files":1,"inode":[16777220,12888402588],"kind":1,"modified":1791637549,"name":"independent","own_bytes":12288,"own_files":1,"parent":1,"read_error":false,"reclaim":null,"sequence":2},{"bytes":4096,"category":8,"child_count":0,"depth":1,"dirs":0,"files":1,"inode":[16777220,12888402585],"kind":1,"modified":1791637549,"name":"linked-file","own_bytes":4096,"own_files":1,"parent":0,"read_error":false,"reclaim":null,"sequence":3},{"bytes":0,"category":8,"child_count":0,"depth":1,"dirs":0,"files":1,"inode":[16777220,12888402585],"kind":1,"modified":1791637549,"name":"hardlink.txt","own_bytes":0,"own_files":1,"parent":0,"read_error":false,"reclaim":null,"sequence":4},{"bytes":0,"category":8,"child_count":0,"depth":1,"dirs":0,"files":1,"inode":[16777220,12888402585],"kind":1,"modified":1791637549,"name":"ordinary.txt","own_bytes":0,"own_files":1,"parent":0,"read_error":false,"reclaim":null,"sequence":5}],"pin":"158f9cc2f0b332194a3ffc5acec47760c99146d8","progress":{"bytes":24576,"cancelled":false,"dirs":1,"errors":0,"files":4,"finished":true,"messages":[]},"root":{"bytes":16384,"category":8,"child_count":4,"depth":0,"dirs":2,"files":4,"inode":null,"kind":0,"modified":1791637549,"name":"tree","own_bytes":4096,"own_files":3,"parent":null,"read_error":false,"reclaim":null,"sequence":0},"run":3,"same_identity":true,"same_run_all_fields_and_order_equal":true,"sibling_order":["nested","linked-file","hardlink.txt","ordinary.txt"],"winner_names":["linked-file"]}
2026-10-10T13:05:49.8809350Z PINNED_DEDUP_OBSERVATION {"decoded_flat_nodes":[{"bytes":16384,"category":8,"child_count":4,"depth":0,"dirs":2,"files":4,"inode":null,"kind":0,"modified":1791637549,"name":"tree","own_bytes":4096,"own_files":3,"parent":null,"read_error":false,"reclaim":null,"sequence":0},{"bytes":12288,"category":8,"child_count":1,"depth":1,"dirs":1,"files":1,"inode":null,"kind":0,"modified":1791637549,"name":"nested","own_bytes":12288,"own_files":1,"parent":0,"read_error":false,"reclaim":null,"sequence":1},{"bytes":12288,"category":8,"child_count":0,"depth":2,"dirs":0,"files":1,"inode":[16777220,12888402588],"kind":1,"modified":1791637549,"name":"independent","own_bytes":12288,"own_files":1,"parent":1,"read_error":false,"reclaim":null,"sequence":2},{"bytes":4096,"category":8,"child_count":0,"depth":1,"dirs":0,"files":1,"inode":[16777220,12888402585],"kind":1,"modified":1791637549,"name":"linked-file","own_bytes":4096,"own_files":1,"parent":0,"read_error":false,"reclaim":null,"sequence":3},{"bytes":0,"category":8,"child_count":0,"depth":1,"dirs":0,"files":1,"inode":[16777220,12888402585],"kind":1,"modified":1791637549,"name":"hardlink.txt","own_bytes":0,"own_files":1,"parent":0,"read_error":false,"reclaim":null,"sequence":4},{"bytes":0,"category":8,"child_count":0,"depth":1,"dirs":0,"files":1,"inode":[16777220,12888402585],"kind":1,"modified":1791637549,"name":"ordinary.txt","own_bytes":0,"own_files":1,"parent":0,"read_error":false,"reclaim":null,"sequence":5}],"encoded_bytes":1604,"encoded_nodes":6,"group_bytes":4096,"inode_group":[{"bytes":4096,"category":8,"child_count":0,"depth":1,"dirs":0,"files":1,"inode":[16777220,12888402585],"kind":1,"modified":1791637549,"name":"linked-file","own_bytes":4096,"own_files":1,"parent":0,"read_error":false,"reclaim":null,"sequence":3},{"bytes":0,"category":8,"child_count":0,"depth":1,"dirs":0,"files":1,"inode":[16777220,12888402585],"kind":1,"modified":1791637549,"name":"hardlink.txt","own_bytes":0,"own_files":1,"parent":0,"read_error":false,"reclaim":null,"sequence":4},{"bytes":0,"category":8,"child_count":0,"depth":1,"dirs":0,"files":1,"inode":[16777220,12888402585],"kind":1,"modified":1791637549,"name":"ordinary.txt","own_bytes":0,"own_files":1,"parent":0,"read_error":false,"reclaim":null,"sequence":5}],"options":{"apparent_size":false,"dedup_hardlinks":true,"follow_links":true,"include_hidden":true,"max_depth":null,"metric":0,"one_filesystem":true},"original_flat_nodes":[{"bytes":16384,"category":8,"child_count":4,"depth":0,"dirs":2,"files":4,"inode":null,"kind":0,"modified":1791637549,"name":"tree","own_bytes":4096,"own_files":3,"parent":null,"read_error":false,"reclaim":null,"sequence":0},{"bytes":12288,"category":8,"child_count":1,"depth":1,"dirs":1,"files":1,"inode":null,"kind":0,"modified":1791637549,"name":"nested","own_bytes":12288,"own_files":1,"parent":0,"read_error":false,"reclaim":null,"sequence":1},{"bytes":12288,"category":8,"child_count":0,"depth":2,"dirs":0,"files":1,"inode":[16777220,12888402588],"kind":1,"modified":1791637549,"name":"independent","own_bytes":12288,"own_files":1,"parent":1,"read_error":false,"reclaim":null,"sequence":2},{"bytes":4096,"category":8,"child_count":0,"depth":1,"dirs":0,"files":1,"inode":[16777220,12888402585],"kind":1,"modified":1791637549,"name":"linked-file","own_bytes":4096,"own_files":1,"parent":0,"read_error":false,"reclaim":null,"sequence":3},{"bytes":0,"category":8,"child_count":0,"depth":1,"dirs":0,"files":1,"inode":[16777220,12888402585],"kind":1,"modified":1791637549,"name":"hardlink.txt","own_bytes":0,"own_files":1,"parent":0,"read_error":false,"reclaim":null,"sequence":4},{"bytes":0,"category":8,"child_count":0,"depth":1,"dirs":0,"files":1,"inode":[16777220,12888402585],"kind":1,"modified":1791637549,"name":"ordinary.txt","own_bytes":0,"own_files":1,"parent":0,"read_error":false,"reclaim":null,"sequence":5}],"pin":"158f9cc2f0b332194a3ffc5acec47760c99146d8","progress":{"bytes":24576,"cancelled":false,"dirs":1,"errors":0,"files":4,"finished":true,"messages":[]},"root":{"bytes":16384,"category":8,"child_count":4,"depth":0,"dirs":2,"files":4,"inode":null,"kind":0,"modified":1791637549,"name":"tree","own_bytes":4096,"own_files":3,"parent":null,"read_error":false,"reclaim":null,"sequence":0},"run":4,"same_identity":true,"same_run_all_fields_and_order_equal":true,"sibling_order":["nested","linked-file","hardlink.txt","ordinary.txt"],"winner_names":["linked-file"]}
2026-10-10T13:05:49.8913010Z PINNED_DEDUP_OBSERVATION {"decoded_flat_nodes":[{"bytes":16384,"category":8,"child_count":4,"depth":0,"dirs":2,"files":4,"inode":null,"kind":0,"modified":1791637549,"name":"tree","own_bytes":4096,"own_files":3,"parent":null,"read_error":false,"reclaim":null,"sequence":0},{"bytes":12288,"category":8,"child_count":1,"depth":1,"dirs":1,"files":1,"inode":null,"kind":0,"modified":1791637549,"name":"nested","own_bytes":12288,"own_files":1,"parent":0,"read_error":false,"reclaim":null,"sequence":1},{"bytes":12288,"category":8,"child_count":0,"depth":2,"dirs":0,"files":1,"inode":[16777220,12888402588],"kind":1,"modified":1791637549,"name":"independent","own_bytes":12288,"own_files":1,"parent":1,"read_error":false,"reclaim":null,"sequence":2},{"bytes":4096,"category":8,"child_count":0,"depth":1,"dirs":0,"files":1,"inode":[16777220,12888402585],"kind":1,"modified":1791637549,"name":"linked-file","own_bytes":4096,"own_files":1,"parent":0,"read_error":false,"reclaim":null,"sequence":3},{"bytes":0,"category":8,"child_count":0,"depth":1,"dirs":0,"files":1,"inode":[16777220,12888402585],"kind":1,"modified":1791637549,"name":"hardlink.txt","own_bytes":0,"own_files":1,"parent":0,"read_error":false,"reclaim":null,"sequence":4},{"bytes":0,"category":8,"child_count":0,"depth":1,"dirs":0,"files":1,"inode":[16777220,12888402585],"kind":1,"modified":1791637549,"name":"ordinary.txt","own_bytes":0,"own_files":1,"parent":0,"read_error":false,"reclaim":null,"sequence":5}],"encoded_bytes":1604,"encoded_nodes":6,"group_bytes":4096,"inode_group":[{"bytes":4096,"category":8,"child_count":0,"depth":1,"dirs":0,"files":1,"inode":[16777220,12888402585],"kind":1,"modified":1791637549,"name":"linked-file","own_bytes":4096,"own_files":1,"parent":0,"read_error":false,"reclaim":null,"sequence":3},{"bytes":0,"category":8,"child_count":0,"depth":1,"dirs":0,"files":1,"inode":[16777220,12888402585],"kind":1,"modified":1791637549,"name":"hardlink.txt","own_bytes":0,"own_files":1,"parent":0,"read_error":false,"reclaim":null,"sequence":4},{"bytes":0,"category":8,"child_count":0,"depth":1,"dirs":0,"files":1,"inode":[16777220,12888402585],"kind":1,"modified":1791637549,"name":"ordinary.txt","own_bytes":0,"own_files":1,"parent":0,"read_error":false,"reclaim":null,"sequence":5}],"options":{"apparent_size":false,"dedup_hardlinks":true,"follow_links":true,"include_hidden":true,"max_depth":null,"metric":0,"one_filesystem":true},"original_flat_nodes":[{"bytes":16384,"category":8,"child_count":4,"depth":0,"dirs":2,"files":4,"inode":null,"kind":0,"modified":1791637549,"name":"tree","own_bytes":4096,"own_files":3,"parent":null,"read_error":false,"reclaim":null,"sequence":0},{"bytes":12288,"category":8,"child_count":1,"depth":1,"dirs":1,"files":1,"inode":null,"kind":0,"modified":1791637549,"name":"nested","own_bytes":12288,"own_files":1,"parent":0,"read_error":false,"reclaim":null,"sequence":1},{"bytes":12288,"category":8,"child_count":0,"depth":2,"dirs":0,"files":1,"inode":[16777220,12888402588],"kind":1,"modified":1791637549,"name":"independent","own_bytes":12288,"own_files":1,"parent":1,"read_error":false,"reclaim":null,"sequence":2},{"bytes":4096,"category":8,"child_count":0,"depth":1,"dirs":0,"files":1,"inode":[16777220,12888402585],"kind":1,"modified":1791637549,"name":"linked-file","own_bytes":4096,"own_files":1,"parent":0,"read_error":false,"reclaim":null,"sequence":3},{"bytes":0,"category":8,"child_count":0,"depth":1,"dirs":0,"files":1,"inode":[16777220,12888402585],"kind":1,"modified":1791637549,"name":"hardlink.txt","own_bytes":0,"own_files":1,"parent":0,"read_error":false,"reclaim":null,"sequence":4},{"bytes":0,"category":8,"child_count":0,"depth":1,"dirs":0,"files":1,"inode":[16777220,12888402585],"kind":1,"modified":1791637549,"name":"ordinary.txt","own_bytes":0,"own_files":1,"parent":0,"read_error":false,"reclaim":null,"sequence":5}],"pin":"158f9cc2f0b332194a3ffc5acec47760c99146d8","progress":{"bytes":24576,"cancelled":false,"dirs":1,"errors":0,"files":4,"finished":true,"messages":[]},"root":{"bytes":16384,"category":8,"child_count":4,"depth":0,"dirs":2,"files":4,"inode":null,"kind":0,"modified":1791637549,"name":"tree","own_bytes":4096,"own_files":3,"parent":null,"read_error":false,"reclaim":null,"sequence":0},"run":5,"same_identity":true,"same_run_all_fields_and_order_equal":true,"sibling_order":["nested","linked-file","hardlink.txt","ordinary.txt"],"winner_names":["linked-file"]}
2026-10-10T13:05:49.9056850Z PINNED_DEDUP_OBSERVATION {"decoded_flat_nodes":[{"bytes":16384,"category":8,"child_count":4,"depth":0,"dirs":2,"files":4,"inode":null,"kind":0,"modified":1791637549,"name":"tree","own_bytes":4096,"own_files":3,"parent":null,"read_error":false,"reclaim":null,"sequence":0},{"bytes":12288,"category":8,"child_count":1,"depth":1,"dirs":1,"files":1,"inode":null,"kind":0,"modified":1791637549,"name":"nested","own_bytes":12288,"own_files":1,"parent":0,"read_error":false,"reclaim":null,"sequence":1},{"bytes":12288,"category":8,"child_count":0,"depth":2,"dirs":0,"files":1,"inode":[16777220,12888402588],"kind":1,"modified":1791637549,"name":"independent","own_bytes":12288,"own_files":1,"parent":1,"read_error":false,"reclaim":null,"sequence":2},{"bytes":4096,"category":8,"child_count":0,"depth":1,"dirs":0,"files":1,"inode":[16777220,12888402585],"kind":1,"modified":1791637549,"name":"linked-file","own_bytes":4096,"own_files":1,"parent":0,"read_error":false,"reclaim":null,"sequence":3},{"bytes":0,"category":8,"child_count":0,"depth":1,"dirs":0,"files":1,"inode":[16777220,12888402585],"kind":1,"modified":1791637549,"name":"hardlink.txt","own_bytes":0,"own_files":1,"parent":0,"read_error":false,"reclaim":null,"sequence":4},{"bytes":0,"category":8,"child_count":0,"depth":1,"dirs":0,"files":1,"inode":[16777220,12888402585],"kind":1,"modified":1791637549,"name":"ordinary.txt","own_bytes":0,"own_files":1,"parent":0,"read_error":false,"reclaim":null,"sequence":5}],"encoded_bytes":1604,"encoded_nodes":6,"group_bytes":4096,"inode_group":[{"bytes":4096,"category":8,"child_count":0,"depth":1,"dirs":0,"files":1,"inode":[16777220,12888402585],"kind":1,"modified":1791637549,"name":"linked-file","own_bytes":4096,"own_files":1,"parent":0,"read_error":false,"reclaim":null,"sequence":3},{"bytes":0,"category":8,"child_count":0,"depth":1,"dirs":0,"files":1,"inode":[16777220,12888402585],"kind":1,"modified":1791637549,"name":"hardlink.txt","own_bytes":0,"own_files":1,"parent":0,"read_error":false,"reclaim":null,"sequence":4},{"bytes":0,"category":8,"child_count":0,"depth":1,"dirs":0,"files":1,"inode":[16777220,12888402585],"kind":1,"modified":1791637549,"name":"ordinary.txt","own_bytes":0,"own_files":1,"parent":0,"read_error":false,"reclaim":null,"sequence":5}],"options":{"apparent_size":false,"dedup_hardlinks":true,"follow_links":true,"include_hidden":true,"max_depth":null,"metric":0,"one_filesystem":true},"original_flat_nodes":[{"bytes":16384,"category":8,"child_count":4,"depth":0,"dirs":2,"files":4,"inode":null,"kind":0,"modified":1791637549,"name":"tree","own_bytes":4096,"own_files":3,"parent":null,"read_error":false,"reclaim":null,"sequence":0},{"bytes":12288,"category":8,"child_count":1,"depth":1,"dirs":1,"files":1,"inode":null,"kind":0,"modified":1791637549,"name":"nested","own_bytes":12288,"own_files":1,"parent":0,"read_error":false,"reclaim":null,"sequence":1},{"bytes":12288,"category":8,"child_count":0,"depth":2,"dirs":0,"files":1,"inode":[16777220,12888402588],"kind":1,"modified":1791637549,"name":"independent","own_bytes":12288,"own_files":1,"parent":1,"read_error":false,"reclaim":null,"sequence":2},{"bytes":4096,"category":8,"child_count":0,"depth":1,"dirs":0,"files":1,"inode":[16777220,12888402585],"kind":1,"modified":1791637549,"name":"linked-file","own_bytes":4096,"own_files":1,"parent":0,"read_error":false,"reclaim":null,"sequence":3},{"bytes":0,"category":8,"child_count":0,"depth":1,"dirs":0,"files":1,"inode":[16777220,12888402585],"kind":1,"modified":1791637549,"name":"hardlink.txt","own_bytes":0,"own_files":1,"parent":0,"read_error":false,"reclaim":null,"sequence":4},{"bytes":0,"category":8,"child_count":0,"depth":1,"dirs":0,"files":1,"inode":[16777220,12888402585],"kind":1,"modified":1791637549,"name":"ordinary.txt","own_bytes":0,"own_files":1,"parent":0,"read_error":false,"reclaim":null,"sequence":5}],"pin":"158f9cc2f0b332194a3ffc5acec47760c99146d8","progress":{"bytes":24576,"cancelled":false,"dirs":1,"errors":0,"files":4,"finished":true,"messages":[]},"root":{"bytes":16384,"category":8,"child_count":4,"depth":0,"dirs":2,"files":4,"inode":null,"kind":0,"modified":1791637549,"name":"tree","own_bytes":4096,"own_files":3,"parent":null,"read_error":false,"reclaim":null,"sequence":0},"run":6,"same_identity":true,"same_run_all_fields_and_order_equal":true,"sibling_order":["nested","linked-file","hardlink.txt","ordinary.txt"],"winner_names":["linked-file"]}
2026-10-10T13:05:49.9182550Z PINNED_DEDUP_OBSERVATION {"decoded_flat_nodes":[{"bytes":16384,"category":8,"child_count":4,"depth":0,"dirs":2,"files":4,"inode":null,"kind":0,"modified":1791637549,"name":"tree","own_bytes":4096,"own_files":3,"parent":null,"read_error":false,"reclaim":null,"sequence":0},{"bytes":12288,"category":8,"child_count":1,"depth":1,"dirs":1,"files":1,"inode":null,"kind":0,"modified":1791637549,"name":"nested","own_bytes":12288,"own_files":1,"parent":0,"read_error":false,"reclaim":null,"sequence":1},{"bytes":12288,"category":8,"child_count":0,"depth":2,"dirs":0,"files":1,"inode":[16777220,12888402588],"kind":1,"modified":1791637549,"name":"independent","own_bytes":12288,"own_files":1,"parent":1,"read_error":false,"reclaim":null,"sequence":2},{"bytes":4096,"category":8,"child_count":0,"depth":1,"dirs":0,"files":1,"inode":[16777220,12888402585],"kind":1,"modified":1791637549,"name":"linked-file","own_bytes":4096,"own_files":1,"parent":0,"read_error":false,"reclaim":null,"sequence":3},{"bytes":0,"category":8,"child_count":0,"depth":1,"dirs":0,"files":1,"inode":[16777220,12888402585],"kind":1,"modified":1791637549,"name":"hardlink.txt","own_bytes":0,"own_files":1,"parent":0,"read_error":false,"reclaim":null,"sequence":4},{"bytes":0,"category":8,"child_count":0,"depth":1,"dirs":0,"files":1,"inode":[16777220,12888402585],"kind":1,"modified":1791637549,"name":"ordinary.txt","own_bytes":0,"own_files":1,"parent":0,"read_error":false,"reclaim":null,"sequence":5}],"encoded_bytes":1604,"encoded_nodes":6,"group_bytes":4096,"inode_group":[{"bytes":4096,"category":8,"child_count":0,"depth":1,"dirs":0,"files":1,"inode":[16777220,12888402585],"kind":1,"modified":1791637549,"name":"linked-file","own_bytes":4096,"own_files":1,"parent":0,"read_error":false,"reclaim":null,"sequence":3},{"bytes":0,"category":8,"child_count":0,"depth":1,"dirs":0,"files":1,"inode":[16777220,12888402585],"kind":1,"modified":1791637549,"name":"hardlink.txt","own_bytes":0,"own_files":1,"parent":0,"read_error":false,"reclaim":null,"sequence":4},{"bytes":0,"category":8,"child_count":0,"depth":1,"dirs":0,"files":1,"inode":[16777220,12888402585],"kind":1,"modified":1791637549,"name":"ordinary.txt","own_bytes":0,"own_files":1,"parent":0,"read_error":false,"reclaim":null,"sequence":5}],"options":{"apparent_size":false,"dedup_hardlinks":true,"follow_links":true,"include_hidden":true,"max_depth":null,"metric":0,"one_filesystem":true},"original_flat_nodes":[{"bytes":16384,"category":8,"child_count":4,"depth":0,"dirs":2,"files":4,"inode":null,"kind":0,"modified":1791637549,"name":"tree","own_bytes":4096,"own_files":3,"parent":null,"read_error":false,"reclaim":null,"sequence":0},{"bytes":12288,"category":8,"child_count":1,"depth":1,"dirs":1,"files":1,"inode":null,"kind":0,"modified":1791637549,"name":"nested","own_bytes":12288,"own_files":1,"parent":0,"read_error":false,"reclaim":null,"sequence":1},{"bytes":12288,"category":8,"child_count":0,"depth":2,"dirs":0,"files":1,"inode":[16777220,12888402588],"kind":1,"modified":1791637549,"name":"independent","own_bytes":12288,"own_files":1,"parent":1,"read_error":false,"reclaim":null,"sequence":2},{"bytes":4096,"category":8,"child_count":0,"depth":1,"dirs":0,"files":1,"inode":[16777220,12888402585],"kind":1,"modified":1791637549,"name":"linked-file","own_bytes":4096,"own_files":1,"parent":0,"read_error":false,"reclaim":null,"sequence":3},{"bytes":0,"category":8,"child_count":0,"depth":1,"dirs":0,"files":1,"inode":[16777220,12888402585],"kind":1,"modified":1791637549,"name":"hardlink.txt","own_bytes":0,"own_files":1,"parent":0,"read_error":false,"reclaim":null,"sequence":4},{"bytes":0,"category":8,"child_count":0,"depth":1,"dirs":0,"files":1,"inode":[16777220,12888402585],"kind":1,"modified":1791637549,"name":"ordinary.txt","own_bytes":0,"own_files":1,"parent":0,"read_error":false,"reclaim":null,"sequence":5}],"pin":"158f9cc2f0b332194a3ffc5acec47760c99146d8","progress":{"bytes":24576,"cancelled":false,"dirs":1,"errors":0,"files":4,"finished":true,"messages":[]},"root":{"bytes":16384,"category":8,"child_count":4,"depth":0,"dirs":2,"files":4,"inode":null,"kind":0,"modified":1791637549,"name":"tree","own_bytes":4096,"own_files":3,"parent":null,"read_error":false,"reclaim":null,"sequence":0},"run":7,"same_identity":true,"same_run_all_fields_and_order_equal":true,"sibling_order":["nested","linked-file","hardlink.txt","ordinary.txt"],"winner_names":["linked-file"]}
2026-10-10T13:05:49.9210190Z PINNED_DEDUP_SUMMARY {"completed_observations":8,"different_winner_observed":false,"distinct_winner_names":["linked-file"],"physical_thread_exit_certified":false,"requested_runs":8}
2026-10-10T13:05:49.9212320Z [1m[92m     Running[0m tests/platform_components.rs (target/debug/deps/platform_components-14b43588f3636e62)
2026-10-10T13:05:49.9213570Z test eight_real_pinned_runs_characterize_dedup_winners_and_preserve_each_tree ... ok
2026-10-10T13:05:49.9214230Z
2026-10-10T13:05:49.9214690Z test result: ok. 1 passed; 0 failed; 0 ignored; 0 measured; 0 filtered out; finished in 0.09s
2026-10-10T13:05:49.9215350Z
2026-10-10T13:05:49.9300700Z
2026-10-10T13:05:49.9301700Z running 3 tests
2026-10-10T13:05:49.9303100Z test raw_native_absolute_root_roundtrips_without_lossy_conversion ... ok
2026-10-10T13:05:49.9305060Z test unix_backslash_and_colon_are_valid_single_components ... ok
2026-10-10T13:05:49.9305970Z test a_completed_branch_cannot_be_reopened_later_in_preorder ... ok
2026-10-10T13:05:49.9306520Z
2026-10-10T13:05:49.9306980Z test result: ok. 3 passed; 0 failed; 0 ignored; 0 measured; 0 filtered out; finished in 0.00s
2026-10-10T13:05:49.9308240Z
2026-10-10T13:05:49.9309930Z [1m[92m     Running[0m tests/reader_failure.rs (target/debug/deps/reader_failure-f47cbadc6076c68d)
2026-10-10T13:05:49.9429590Z
2026-10-10T13:05:49.9433540Z running 2 tests
2026-10-10T13:05:49.9434580Z test partial_body_consumes_admitted_length_and_latches_failure ... ok
2026-10-10T13:05:49.9436080Z test bad_json_is_charged_and_cannot_be_skipped_to_next_frame ... ok
2026-10-10T13:05:49.9440360Z [1m[92m     Running[0m tests/roundtrip.rs (target/debug/deps/roundtrip-3bb997fd84541354)
2026-10-10T13:05:49.9441060Z
2026-10-10T13:05:49.9442460Z test result: ok. 2 passed; 0 failed; 0 ignored; 0 measured; 0 filtered out; finished in 0.00s
2026-10-10T13:05:49.9444370Z
2026-10-10T13:05:49.9562900Z
2026-10-10T13:05:49.9572110Z running 6 tests
2026-10-10T13:05:49.9573800Z test closed_native_variant_tags_are_not_defaulted ... ok
2026-10-10T13:05:49.9574620Z test options_preserve_each_boolean_depth_and_metric ... ok
2026-10-10T13:05:49.9575480Z test progress_preserves_error_messages_and_finished_is_only_a_field ... ok
2026-10-10T13:05:49.9576490Z test requests_preserve_unix_bytes_and_windows_unpaired_utf16_on_the_wire ... ok
2026-10-10T13:05:49.9577420Z test all_native_node_fields_and_sibling_order_round_trip ... ok
2026-10-10T13:05:49.9682880Z test deep_flat_sequence_uses_original_parent_and_depth ... ok
2026-10-10T13:05:49.9683400Z
2026-10-10T13:05:49.9683860Z test result: ok. 6 passed; 0 failed; 0 ignored; 0 measured; 0 filtered out; finished in 0.01s
2026-10-10T13:05:49.9684540Z
2026-10-10T13:05:49.9688040Z [1m[92m     Running[0m tests/structural_limits.rs (target/debug/deps/structural_limits-a9ddb39e2ada3479)
2026-10-10T13:05:49.9812990Z
2026-10-10T13:05:49.9827310Z running 12 tests
2026-10-10T13:05:49.9830940Z test depth_limit_is_not_a_node_limit ... ok
2026-10-10T13:05:49.9832170Z test child_depth_must_follow_its_actual_parent ... ok
2026-10-10T13:05:49.9833300Z test duplicate_sequence_is_refused ... ok
2026-10-10T13:05:49.9833910Z test end_total_must_match_actual_records ... ok
2026-10-10T13:05:49.9834660Z test current_platform_child_components_cannot_escape_parent ... ok
2026-10-10T13:05:49.9835760Z test forward_parent_is_refused_without_building_a_cycle ... ok
2026-10-10T13:05:49.9836590Z test leaf_cannot_own_child_records ... ok
2026-10-10T13:05:49.9837310Z test root_native_path_must_be_absolute_and_nul_free ... ok
2026-10-10T13:05:49.9837970Z test root_cannot_have_a_parent ... ok
2026-10-10T13:05:49.9838510Z test second_root_is_not_a_child ... ok
2026-10-10T13:05:49.9839110Z test total_nodes_and_depth_use_caller_limits ... ok
2026-10-10T13:05:49.9839800Z test wrong_child_count_and_early_end_are_refused ... ok
2026-10-10T13:05:49.9840250Z
2026-10-10T13:05:49.9840890Z test result: ok. 12 passed; 0 failed; 0 ignored; 0 measured; 0 filtered out; finished in 0.00s
2026-10-10T13:05:49.9841600Z
2026-10-10T13:05:49.9842520Z [1m[92m     Running[0m tests/worker_control_process.rs (target/debug/deps/worker_control_process-0270904d43c3836d)
2026-10-10T13:05:49.9973940Z
2026-10-10T13:05:49.9980290Z running 3 tests
2026-10-10T13:06:04.5215190Z WORKER_ACTIVE_CONTROL action=InvalidControl exit=ExitStatus(unix_wait_status(256)) elapsed_us=196479 timed_out=false stderr_bytes=0 witness={"action_before_deadline":true,"action_completed":true,"action_elapsed_us":31777,"clean_stdout_eof":true,"ends":0,"error":{"code":"protocol","io_kind":"invalid_data","message":"unknown field `unexpected`, there are no fields","raw_os_error":null,"type":"error"},"errors":1,"first":{"pin":"158f9cc2f0b332194a3ffc5acec47760c99146d8","target":"x86_64-apple-darwin","type":"hello","version":2},"frames":4,"node_frames":0,"progress_frames":2,"qualified":{"progress":{"bytes":0,"cancelled":false,"dirs":2048,"errors":0,"files":0,"finished":false,"messages":[]},"type":"progress"},"stdout_bytes":508}
2026-10-10T13:06:04.6537420Z WORKER_ACTIVE_CONTROL action=Cancel exit=ExitStatus(unix_wait_status(256)) elapsed_us=307179 timed_out=false stderr_bytes=0 witness={"action_before_deadline":true,"action_completed":true,"action_elapsed_us":154401,"clean_stdout_eof":true,"ends":0,"error":{"code":"cancelled","io_kind":"interrupted","message":"scan cancelled","raw_os_error":null,"type":"error"},"errors":1,"first":{"pin":"158f9cc2f0b332194a3ffc5acec47760c99146d8","target":"x86_64-apple-darwin","type":"hello","version":2},"frames":4,"node_frames":0,"progress_frames":2,"qualified":{"progress":{"bytes":7155712,"cancelled":false,"dirs":16384,"errors":0,"files":1747,"finished":false,"messages":[]},"type":"progress"},"stdout_bytes":485}
2026-10-10T13:06:04.6592890Z WORKER_ACTIVE_CONTROL action=EndOfInput exit=ExitStatus(unix_wait_status(256)) elapsed_us=280094 timed_out=false stderr_bytes=0 witness={"action_before_deadline":true,"action_completed":true,"action_elapsed_us":124526,"clean_stdout_eof":true,"ends":0,"error":{"code":"protocol","io_kind":"unexpected_eof","message":"control closed before terminal output","raw_os_error":null,"type":"error"},"errors":1,"first":{"pin":"158f9cc2f0b332194a3ffc5acec47760c99146d8","target":"x86_64-apple-darwin","type":"hello","version":2},"frames":4,"node_frames":0,"progress_frames":2,"qualified":{"progress":{"bytes":4190208,"cancelled":false,"dirs":16384,"errors":0,"files":1023,"finished":false,"messages":[]},"type":"progress"},"stdout_bytes":510}
2026-10-10T13:06:16.3641320Z test invalid_control_after_real_active_progress_stops_worker_without_end ... ok
2026-10-10T13:06:16.4934920Z test parent_eof_after_real_active_progress_stops_worker_without_end ... ok
2026-10-10T13:06:16.5132930Z test cancel_after_real_active_progress_stops_worker_without_end ... ok
2026-10-10T13:06:16.5133540Z
2026-10-10T13:06:16.5134020Z test result: ok. 3 passed; 0 failed; 0 ignored; 0 measured; 0 filtered out; finished in 26.52s
2026-10-10T13:06:16.5134700Z
2026-10-10T13:06:16.5137990Z [1m[92m     Running[0m tests/worker_process.rs (target/debug/deps/worker_process-9fe7303eba9249c9)
2026-10-10T13:06:16.5271020Z
2026-10-10T13:06:16.5282400Z running 6 tests
2026-10-10T13:06:16.5351010Z test real_worker_binary_artifact_is_available ... ok
2026-10-10T13:06:16.6624870Z test real_worker_preserves_not_found_and_non_directory_io_failures_without_end ... ok
2026-10-10T13:06:16.6953260Z test real_worker_rejects_bad_request_without_a_successful_tree ... ok
2026-10-10T13:06:16.8214810Z test real_worker_aliases_without_dedup_preserve_every_field_and_order ... ok
2026-10-10T13:06:16.9232460Z test real_worker_dedup_aliases_charge_one_identity_without_assuming_a_winner_name ... ok
2026-10-10T13:06:17.4632090Z test real_worker_matches_pinned_fields_order_progress_and_all_scan_options ... ok
2026-10-10T13:06:17.4632760Z
2026-10-10T13:06:17.4633230Z test result: ok. 6 passed; 0 failed; 0 ignored; 0 measured; 0 filtered out; finished in 0.94s
2026-10-10T13:06:17.4633910Z
2026-10-10T13:06:17.4638150Z [1m[92m     Running[0m tests/worker_terminal_admission.rs (target/debug/deps/worker_terminal_admission-253e9491824c0dca)
2026-10-10T13:06:17.4764900Z
2026-10-10T13:06:17.4765320Z running 5 tests
2026-10-10T13:06:17.4774950Z test parent_request_refuses_one_byte_short_combined_hello_and_terminal_allowance ... ok
2026-10-10T13:06:17.4776520Z test admitted_boundary_carries_each_real_terminal_on_one_original_ledger ... ok
2026-10-10T13:06:17.4777640Z test exact_boundary_preserves_original_limits_through_both_request_paths ... ok
2026-10-10T13:06:17.4778730Z test decoded_request_rechecks_each_short_allowance_before_scan_preparation ... ok
2026-10-10T13:06:17.4779790Z test parent_request_refuses_one_byte_short_largest_required_frame ... ok
2026-10-10T13:06:17.4780360Z
2026-10-10T13:06:17.4780830Z test result: ok. 5 passed; 0 failed; 0 ignored; 0 measured; 0 filtered out; finished in 0.00s
2026-10-10T13:06:17.4781500Z
2026-10-10T13:06:17.4785220Z [1m[92m     Running[0m tests/writer_allocation_failure.rs (target/debug/deps/writer_allocation_failure-111240d81be76cd5)
2026-10-10T13:06:17.4910390Z
2026-10-10T13:06:17.4911010Z running 2 tests
2026-10-10T13:06:17.5071190Z
2026-10-10T13:06:17.5071990Z running 1 test
2026-10-10T13:06:17.5072880Z test swallowed_actual_sink_allocation_failure_never_publishes_or_continues ... ok
2026-10-10T13:06:17.5074910Z test swallowed_actual_sink_allocation_failure_never_publishes_or_continues ... allocation_probe hits=1 requested=65538 align=1 element_error=true result=Err(Custom { kind: Other, error: "frame allocation failed" }) bytes=0
2026-10-10T13:06:17.5076610Z ok
2026-10-10T13:06:17.5076800Z
2026-10-10T13:06:17.5077270Z test result: ok. 1 passed; 0 failed; 0 ignored; 0 measured; 1 filtered out; finished in 0.00s
2026-10-10T13:06:17.5077930Z
2026-10-10T13:06:17.5077930Z
2026-10-10T13:06:17.5148110Z
2026-10-10T13:06:17.5148790Z test unarmed_same_sequence_writes_complete_payload_with_original_budget ... ok
2026-10-10T13:06:17.5149440Z
2026-10-10T13:06:17.5149620Z running 1 test
2026-10-10T13:06:17.5150770Z test unarmed_same_sequence_writes_complete_payload_with_original_budget ... ok
2026-10-10T13:06:17.5151430Z
2026-10-10T13:06:17.5151890Z test result: ok. 1 passed; 0 failed; 0 ignored; 0 measured; 1 filtered out; finished in 0.00s
2026-10-10T13:06:17.5152550Z
2026-10-10T13:06:17.5152560Z
2026-10-10T13:06:17.5153010Z test result: ok. 2 passed; 0 failed; 0 ignored; 0 measured; 0 filtered out; finished in 0.02s
2026-10-10T13:06:17.5153670Z
2026-10-10T13:06:17.5154630Z [1m[92m     Running[0m tests/writer_budget_classification.rs (target/debug/deps/writer_budget_classification-127f50b3c53da621)
2026-10-10T13:06:17.5283790Z
2026-10-10T13:06:17.5292640Z running 11 tests
2026-10-10T13:06:17.5293950Z test child_depth_preparation_is_typed_after_real_root_prefix ... ok
2026-10-10T13:06:17.5297780Z test actual_json_escaping_frame_quota_keeps_typed_cause ... ok
2026-10-10T13:06:17.5298690Z test cumulative_stream_body_including_headers_keeps_typed_cause ... ok
2026-10-10T13:06:17.5302020Z test actual_read_only_sink_error_keeps_os_kind_and_errno_not_quota ... ok
2026-10-10T13:06:17.5303360Z test cumulative_stream_cannot_omit_next_four_byte_header ... ok
2026-10-10T13:06:17.5304240Z test name_lower_bound_preparation_is_typed_before_copy_or_frame ... ok
2026-10-10T13:06:17.5305230Z test ordinary_custom_serialization_error_with_quota_text_is_not_typed_budget ... ok
2026-10-10T13:06:17.5306310Z test serializer_cannot_swallow_real_sink_quota_and_publish_partial_json ... ok
2026-10-10T13:06:17.5307370Z test typed_serialization_failure_stays_latched_without_emergency_error_frame ... ok
2026-10-10T13:06:17.5308330Z test zero_nodes_preparation_is_typed_before_any_frame ... ok
2026-10-10T13:06:17.5309180Z test exact_complete_tree_budget_preserves_every_field_and_order ... ok
2026-10-10T13:06:17.5309740Z
2026-10-10T13:06:17.5310210Z test result: ok. 11 passed; 0 failed; 0 ignored; 0 measured; 0 filtered out; finished in 0.00s
2026-10-10T13:06:17.5310870Z
2026-10-10T13:06:17.5311660Z [1m[92m     Running[0m tests/writer_io_failure.rs (target/debug/deps/writer_io_failure-7f5eb986b946701a)
2026-10-10T13:06:17.5428120Z
2026-10-10T13:06:17.5428510Z running 1 test
2026-10-10T13:06:17.5431180Z test body_io_error_preserves_kind_and_latches_after_actual_header_write ... ok
2026-10-10T13:06:17.5431970Z
2026-10-10T13:06:17.5432440Z test result: ok. 1 passed; 0 failed; 0 ignored; 0 measured; 0 filtered out; finished in 0.00s
2026-10-10T13:06:17.5433110Z
2026-10-10T13:06:17.5435720Z [1m[92m     Running[0m tests/writer_limits.rs (target/debug/deps/writer_limits-20e8cf122356055a)
2026-10-10T13:06:17.5562840Z
2026-10-10T13:06:17.5564240Z running 6 tests
2026-10-10T13:06:17.5568310Z test declared_child_count_overflow_is_rejected_without_capacity_allocation ... ok
2026-10-10T13:06:17.5569390Z test bounded_writer_rejects_node_and_depth_cost_before_offending_frame ... ok
2026-10-10T13:06:17.5571510Z test result_reader_requires_eof_and_rejects_trailing_even_partial_header ... ok
2026-10-10T13:06:17.5574120Z test writer_and_reader_share_exact_header_inclusive_byte_limit ... ok
2026-10-10T13:06:17.5576320Z test result_writer_requires_end_and_rejects_control_or_extra_frames ... ok
2026-10-10T13:06:17.5577250Z test oversized_serialization_never_writes_any_header_or_body ... ok
2026-10-10T13:06:17.5578100Z
2026-10-10T13:06:17.5578970Z test result: ok. 6 passed; 0 failed; 0 ignored; 0 measured; 0 filtered out; finished in 0.00s
2026-10-10T13:06:17.5580110Z
2026-10-10T13:06:17.5581560Z [1m[92m     Running[0m tests/writer_preparation.rs (target/debug/deps/writer_preparation-570cfa0c4a6e0470)
2026-10-10T13:06:17.5704510Z
2026-10-10T13:06:17.5707950Z running 4 tests
2026-10-10T13:06:17.5844030Z
2026-10-10T13:06:17.5844820Z test exhausted_stream_remainder_refuses_before_cloning_next_child_name ... ok
2026-10-10T13:06:17.5845640Z running 1 test
2026-10-10T13:06:17.5848180Z test exhausted_stream_remainder_refuses_before_cloning_next_child_name ... writer_preparation requested=1003 result=Err(Custom { kind: InvalidData, error: ProtocolBudgetError { message: "node preparation limit" } }) output_bytes=235
2026-10-10T13:06:17.5850070Z ok
2026-10-10T13:06:17.5850260Z
2026-10-10T13:06:17.5850730Z test result: ok. 1 passed; 0 failed; 0 ignored; 0 measured; 3 filtered out; finished in 0.00s
2026-10-10T13:06:17.5851400Z
2026-10-10T13:06:17.5851400Z
2026-10-10T13:06:17.5918080Z
2026-10-10T13:06:17.5918810Z test tiny_frame_refuses_before_cloning_large_owned_root_name ... ok
2026-10-10T13:06:17.5919700Z running 1 test
2026-10-10T13:06:17.5921290Z test tiny_frame_refuses_before_cloning_large_owned_root_name ... writer_preparation requested=56 result=Err(Custom { kind: InvalidData, error: ProtocolBudgetError { message: "node preparation limit" } }) output_bytes=0
2026-10-10T13:06:17.5923000Z ok
2026-10-10T13:06:17.5923190Z
2026-10-10T13:06:17.5923650Z test result: ok. 1 passed; 0 failed; 0 ignored; 0 measured; 3 filtered out; finished in 0.00s
2026-10-10T13:06:17.5924320Z
2026-10-10T13:06:17.5924330Z
2026-10-10T13:06:17.6081190Z
2026-10-10T13:06:17.6081830Z test zero_node_quota_refuses_before_cloning_large_owned_root_name ... ok
2026-10-10T13:06:17.6083150Z running 1 test
2026-10-10T13:06:17.6084790Z test zero_node_quota_refuses_before_cloning_large_owned_root_name ... writer_preparation requested=56 result=Err(Custom { kind: InvalidData, error: ProtocolBudgetError { message: "node preparation limit" } }) output_bytes=0
2026-10-10T13:06:17.6086540Z ok
2026-10-10T13:06:17.6086730Z
2026-10-10T13:06:17.6087200Z test result: ok. 1 passed; 0 failed; 0 ignored; 0 measured; 3 filtered out; finished in 0.00s
2026-10-10T13:06:17.6087860Z
2026-10-10T13:06:17.6087870Z
2026-10-10T13:06:17.7222850Z
2026-10-10T13:06:17.7223290Z running 1 test
2026-10-10T13:06:17.7224410Z test ample_budget_preserves_large_name_and_all_node_fields ... writer_preparation ample requested=14683998 result=Ok(3) output_bytes=2097899
2026-10-10T13:06:17.7225770Z test ample_budget_preserves_large_name_and_all_node_fields ... ok
2026-10-10T13:06:17.7226450Z ok
2026-10-10T13:06:17.7226640Z
2026-10-10T13:06:17.7227140Z test result: ok. 1 passed; 0 failed; 0 ignored; 0 measured; 3 filtered out; finished in 0.12s
2026-10-10T13:06:17.7227820Z
2026-10-10T13:06:17.7227830Z
2026-10-10T13:06:17.7227840Z
2026-10-10T13:06:17.7228290Z test result: ok. 4 passed; 0 failed; 0 ignored; 0 measured; 0 filtered out; finished in 0.15s
2026-10-10T13:06:17.7228960Z
2026-10-10T13:06:17.7229700Z [1m[92m     Running[0m unittests src/lib.rs (target/debug/deps/diskgraph_store-3fe00273409ae0c4)
2026-10-10T13:06:17.7349080Z
2026-10-10T13:06:17.7349560Z running 382 tests
2026-10-10T13:06:17.7717610Z test authorization_generation::tests::deadline_reads_restore_the_actual_connection_timeout_and_leave_no_expired_callback ... ok
2026-10-10T13:06:17.7730060Z test authorization_generation::tests::rolled_back_or_duplicate_grants_do_not_change_generation_and_overflow_fails_closed ... ok
2026-10-10T13:06:17.7734210Z test authorization_generation::tests::authorization_generation_tracks_individual_grants_scopes_and_policy ... ok
2026-10-10T13:06:17.7738120Z test child_aggregate_benchmark::measure_directory_aggregate_costs ... ignored, isolated release 20k/200k aggregation, migration and fenced publication measurements
2026-10-10T13:06:17.7977920Z test authorization_generation::tests::unrelated_job_writes_do_not_invalidate_queued_results ... ok
2026-10-10T13:06:17.8193080Z test authorization_generation::tests::a_failed_v6_migration_keeps_v5_data_and_rolls_back_all_new_objects ... ok
2026-10-10T13:06:17.8666130Z test authorization_generation::tests::v5_upgrade_has_a_consistent_backup_and_cross_connection_invalidation ... ok
2026-10-10T13:06:18.1770000Z test child_aggregate_tests::initialized_schema_does_not_acquire_the_writer_lock ... ok
2026-10-10T13:06:18.3518750Z test child_aggregate_tests::all_writer_routes_preserve_unknown_and_threshold_counts ... ok
2026-10-10T13:06:18.5625840Z test child_aggregate_tests::missing_count_indexes_are_an_error_instead_of_confirmed_zero ... ok
2026-10-10T13:06:19.6908820Z test child_aggregate_tests::old_open_writer_cannot_publish_after_schema_upgrade ... ok
2026-10-10T13:06:19.8645650Z test child_aggregate_tests::snapshot_removal_cascades_all_count_tables ... ok
2026-10-10T13:06:31.4608690Z test child_aggregate_tests::known_page_does_not_walk_higher_ranked_unknown_siblings ... ok
2026-10-10T13:06:34.7923410Z test child_aggregate_tests::a_directory_page_does_not_decode_its_continuation_probe ... ok
2026-10-10T13:06:39.7482570Z test child_aggregate_tests::directory_keyset_seeks_past_large_prefixes_and_equal_sizes ... ok
2026-10-10T13:06:41.8921110Z test child_aggregate_tests::v8_backup_contains_old_counts_and_failed_migration_rolls_back ... ok
2026-10-10T13:06:42.5034420Z test collector_migration_integrity_tests::legacy_revision_must_select_edge_endpoint_sources_and_valid_roles ... ok
2026-10-10T13:06:42.9746340Z test collector_migration_integrity_tests::legacy_revision_rejects_selected_run_from_another_snapshot ... ok
2026-10-10T13:06:43.9557170Z test collector_protocol_tests::existing_v9_writer_cannot_publish_after_v10_upgrade ... ok
2026-10-10T13:06:44.4455310Z test collector_migration_integrity_tests::legacy_three_generation_sources_require_explicit_upstream_selection ... ok
2026-10-10T13:06:44.5596940Z test collector_protocol_tests::occupied_resources_require_an_existing_snapshot_node ... ok
2026-10-10T13:06:44.7547290Z test collector_protocol_tests::sealed_revision_rejects_late_batch_append ... ok
2026-10-10T13:06:44.7967530Z test collector_migration_integrity_tests::legacy_occupied_resource_requires_valid_snapshot_node_mapping ... ok
2026-10-10T13:06:44.9598730Z test collector_protocol_tests::sealed_selection_rejects_raw_mutations_and_allows_parent_prune ... ok
2026-10-10T13:06:44.9986530Z test collector_protocol_tests::selected_existing_runs_require_their_original_entity_sources ... ok
2026-10-10T13:06:45.1913270Z test collector_protocol_tests::stale_collector_publication_cannot_replace_a_newer_file_scan ... ok
2026-10-10T13:06:45.3787740Z test collector_publication_tests::collector_publication_database_failure_rolls_back_every_layer ... ok
2026-10-10T13:06:45.5532200Z test collector_protocol_tests::recollection_recovers_new_revision_without_rewriting_ambiguous_history ... ok
2026-10-10T13:06:45.5764010Z test collector_publication_tests::collector_publication_keeps_revision_selection_and_reuses_immutable_entities ... ok
2026-10-10T13:06:45.7665820Z test collector_publication_tests::collector_publication_rejects_owner_snapshot_role_and_forged_provenance ... ok
2026-10-10T13:06:45.7869410Z test collector_publication_tests::compatibility_binding_rejects_cross_snapshot_and_rolls_back_partial_selection ... ok
2026-10-10T13:06:45.9541110Z test collector_publication_tests::scan_publication_includes_batch_or_rolls_back_snapshot_and_staging ... ok
2026-10-10T13:06:45.9701930Z test committed_authorization_generation_tests::deferred_foreign_key_commit_failure_does_not_publish_a_memory_fact ... ok
2026-10-10T13:06:45.9940370Z test committed_authorization_generation_tests::local_commit_is_known_without_a_native_database_file_identity ... ok
2026-10-10T13:06:46.0491340Z test committed_authorization_generation_tests::old_connection_weak_witness_cannot_match_a_new_connection ... ok
2026-10-10T13:06:46.0950080Z test control_read_budget_tests::control_deadline_interrupts_real_sqlite_execution_and_restores_the_connection ... ok
2026-10-10T13:06:46.1329430Z test collector_protocol_tests::selecting_incomplete_legacy_run_cannot_claim_complete ... ok
2026-10-10T13:06:46.3002250Z test control_read_budget_tests::control_deadline_refuses_a_late_success_and_restores_the_connection ... ok
2026-10-10T13:06:46.3214940Z test collector_publication_tests::migration_v9_preserves_only_unambiguous_membership ... ok
2026-10-10T13:06:46.3258400Z test control_read_budget_tests::control_deadline_restores_actual_configuration_after_success_and_error ... ok
2026-10-10T13:06:46.3649330Z test control_tests::a_repeated_grant_does_not_require_a_write_lock ... ok
2026-10-10T13:06:46.3800410Z test control_tests::cancellation_is_durable_and_invalidates_the_running_publish_fence ... ok
2026-10-10T13:06:46.4674000Z
2026-10-10T13:06:46.4676340Z thread 'control_read_budget_tests::control_deadline_restores_the_connection_before_resuming_unwind' (95269) panicked at crates/diskgraph-store/src/control_read_budget_tests.rs:87:17:
2026-10-10T13:06:46.4678720Z real consumer unwind
2026-10-10T13:06:46.4679780Z note: run with `RUST_BACKTRACE=1` environment variable to display a backtrace
2026-10-10T13:06:46.4819420Z test control_read_budget_tests::control_deadline_restores_the_connection_before_resuming_unwind ... ok
2026-10-10T13:06:46.4830550Z test child_aggregate_tests::wide_directory_counts_are_exact_without_walking_siblings ... ok
2026-10-10T13:06:46.5017050Z test control_tests::control_database_file_is_owner_only ... ok
2026-10-10T13:06:46.5115800Z test control_tests::policy_grants_round_trip_through_storage_and_rebuild_the_authorizer ... ok
2026-10-10T13:06:46.5119310Z test control_tests::jobs_merge_per_scope_and_enforce_owner_fencing ... ok
2026-10-10T13:06:46.5409130Z test control_tests::revoked_expired_job_does_not_precede_eligible_work_forever ... ok
2026-10-10T13:06:46.5454520Z test control_tests::revoked_scopes_reject_new_jobs_but_records_survive ... ok
2026-10-10T13:06:46.5457320Z test control_tests::scope_registration_is_idempotent_until_revoked ... ok
2026-10-10T13:06:46.5668870Z test control_tests::unknown_scope_and_job_ids_are_reported_not_invented ... ok
2026-10-10T13:06:46.5867550Z test control_tests::server_identity_is_minted_once_and_persisted ... ok
2026-10-10T13:06:46.6483540Z test control_tests::v4_jobs_migrate_to_persistent_cancellation_with_backup ... ok
2026-10-10T13:06:47.2760110Z test control_read_budget_tests::control_deadline_never_enters_consumer_after_sqlite_preparation_expires ... ok
2026-10-10T13:06:48.7503760Z D44_BEGIN_INTERRUPT {"before_begin_live":true,"callback_count":1,"callback_expired":true,"callback_started_live":true,"raw_companion":true,"result":"Err(Sqlite(SqliteFailure(Error { code: OperationInterrupted, extended_code: 9 }, Some(\"interrupted\"))))"}
2026-10-10T13:06:48.7991910Z test control_write_boundary_interrupt_tests::control_write_live_external_vm_interruption_keeps_the_real_sqlite_error ... ok
2026-10-10T13:06:48.8217400Z test control_write_boundary_retry_tests::control_write_commit_contention_does_not_replay_a_completed_budgeted_statement ... ok
2026-10-10T13:06:49.4566490Z test control_write_boundary_retry_tests::control_write_zero_host_busy_refuses_a_real_competing_writer_without_waiting_for_release ... ok
2026-10-10T13:06:49.6430640Z D44_WRITER_PHASE {"all_tables_unchanged":true,"autocommit_at_return":true,"autocommit_before_finish":true,"begin_us":150597,"budget_age_us":400632,"call_wall_us":150632,"finish_us":5,"held_at_call":true,"host_busy_ms":731,"injected_preconsume_ms":250,"new_succeeded":true,"new_us":21,"original_window_ms":400,"preconsume_injected":true,"preconsume_is_measured_wall":false,"preconsume_us":250005,"remaining_at_call_us":149994,"remaining_at_return_us":0,"remaining_before_begin_us":149973,"result":"Err(BudgetExceeded)","returned_while_held":true,"sqlite_setlk_timeout_enabled":false,"sqlite_version":"3.53.2","total_us":150632}
2026-10-10T13:06:49.6435730Z test control_write_deadline_probe_tests::control_write_external_writer_original_deadline_has_real_stage_diagnostics ... ok
2026-10-10T13:06:50.8034830Z D44_BEGIN_INTERRUPT {"before_begin_live":true,"callback_count":1,"callback_expired":true,"callback_started_live":true,"raw_companion":false,"result":"Err(BudgetExceeded)"}
2026-10-10T13:06:50.8040660Z test control_write_boundary_interrupt_tests::control_write_begin_interrupted_after_prepare_exhausts_the_original_deadline ... ok
2026-10-10T13:06:50.8177350Z test control_write_deadline_tests::checked_boundary_interrupts_an_actual_busy_retry_and_restores_connection ... ok
2026-10-10T13:06:50.8551390Z test control_write_boundary_retry_tests::process_enqueue_commit_contention_writes_its_fixed_input_only_once ... ok
2026-10-10T13:06:50.8732670Z test control_write_boundary_retry_tests::process_enqueue_zero_host_busy_still_creates_and_merges_without_contention ... ok
2026-10-10T13:06:51.0039560Z test control_write_deadline_tests::control_write_expired_twenty_millisecond_window_refuses_before_a_transaction ... ok
2026-10-10T13:06:51.1948940Z test control_write_deadline_tests::process_enqueue_commit_read_lock_keeps_the_original_deadline_and_rolls_back ... ok
2026-10-10T13:06:51.8034810Z D44_WRITER_PHASE {"all_tables_unchanged":true,"autocommit_at_return":true,"autocommit_before_finish":true,"begin_us":45224,"budget_age_us":312278,"call_wall_us":312278,"finish_us":10,"held_at_call":true,"host_busy_ms":40,"injected_preconsume_ms":0,"new_succeeded":true,"new_us":39,"original_window_ms":2000,"preconsume_injected":false,"preconsume_is_measured_wall":true,"preconsume_us":266998,"remaining_at_call_us":1733001,"remaining_at_return_us":1687721,"remaining_before_begin_us":1732959,"result":"Err(Sqlite(SqliteFailure(Error { code: DatabaseBusy, extended_code: 5 }, Some(\"database is locked\"))))","returned_while_held":true,"sqlite_setlk_timeout_enabled":false,"sqlite_version":"3.53.2","total_us":312278}
2026-10-10T13:06:51.8047300Z test control_write_deadline_probe_tests::control_write_external_writer_short_host_busy_is_not_request_expiry ... ok
2026-10-10T13:06:52.8938890Z D44_VM_STAGE {"elapsed_us":2001047,"observed_rows":827530,"original_window_ms":2000,"query_started_live":true,"raw_operation_interrupted":true,"result":"Err(BudgetExceeded)"}
2026-10-10T13:06:52.9036220Z test control_write_deadline_tests::control_write_real_vm_interrupt_clears_progress_before_partial_transaction_rollback ... ok
2026-10-10T13:06:52.9297600Z
2026-10-10T13:06:52.9301840Z thread 'control_write_deadline_tests::control_write_rust_unwind_rolls_back_and_restores_the_real_connection' (95599) panicked at crates/diskgraph-store/src/control_write_deadline_tests.rs:237:9:
2026-10-10T13:06:52.9306610Z D44 actual Rust consumer unwind after witnessed partial write
2026-10-10T13:06:52.9310620Z D44_UNWIND_STAGE {"elapsed_us":2021307,"exact_sentinel":true,"expired_before_panic":true,"original_window_ms":2000,"partial_write_witnessed":true,"target_started_live":true}
2026-10-10T13:06:52.9435310Z test control_write_deadline_tests::control_write_rust_unwind_rolls_back_and_restores_the_real_connection ... ok
2026-10-10T13:06:52.9444500Z test execution_tests::action_names_round_trip ... ok
2026-10-10T13:06:52.9852950Z test execution_tests::approvals_bind_to_digest_principal_and_action ... ok
2026-10-10T13:06:52.9871300Z test execution_tests::encoded_separator_detection_stays_on_byte_boundaries ... ok
2026-10-10T13:06:53.0293610Z test execution_tests::expired_plans_never_look_valid ... ok
2026-10-10T13:06:53.0693080Z test execution_tests::hardlink_aliases_claim_the_same_source_identity ... ok
2026-10-10T13:06:53.1554160Z test execution_tests::independent_connections_cannot_claim_the_same_source ... ok
2026-10-10T13:06:53.1996680Z test execution_tests::intent_is_recorded_before_results ... ok
2026-10-10T13:06:53.2478690Z test execution_tests::one_idempotency_key_maps_to_one_operation ... ok
2026-10-10T13:06:53.2942300Z test execution_tests::operations_are_listed_per_scope ... ok
2026-10-10T13:06:53.3354300Z test execution_tests::overlapping_sources_and_targets_are_claimed_in_one_transaction ... ok
2026-10-10T13:06:53.3752550Z test execution_tests::plans_are_immutable_and_digest_addressed ... ok
2026-10-10T13:06:53.4194710Z test execution_tests::recovery_entries_survive_and_can_be_consumed_once ... ok
2026-10-10T13:06:53.4544730Z test execution_tests::revoked_and_expired_approvals_are_refused ... ok
2026-10-10T13:06:54.4369170Z test git_collector_publication_tests::a_broken_source_closure_and_unsafe_summary_cannot_be_published_as_complete ... ok
2026-10-10T13:06:55.0755480Z test git_collector_publication_tests::actual_last_receipt_sql_is_rolled_back_when_terminal_check_refuses ... ok
2026-10-10T13:06:55.7789810Z test git_collector_publication_tests::bounded_selection_rejects_large_legal_run_json_before_decoding ... ok
2026-10-10T13:06:56.7264720Z test git_collector_publication_tests::latest_base_cas_and_receipt_replay_never_duplicate_a_publication ... ok
2026-10-10T13:06:57.0584320Z test git_collector_publication_tests::ordinary_trusted_scan_publication_conflicts_with_the_fixed_git_base ... ok
2026-10-10T13:06:57.5586450Z test git_collector_publication_tests::receipt_survives_result_pruning_and_rejects_mutation_or_old_protocol_writer ... ok
2026-10-10T13:06:58.6120350Z test git_collector_publication_tests::same_target_demotes_only_old_git_assertions_and_keeps_other_target_active ... ok
2026-10-10T13:07:07.2252760Z known directory page=1, unknown=200000, VM steps=194
2026-10-10T13:07:07.3048440Z test directory_budget_tests::known_page_skips_unknown_siblings_without_decoding_their_payloads ... ok
2026-10-10T13:07:07.5979570Z test git_job_authorization_tests::every_git_permission_is_required_in_ceiling_and_old_heartbeat_or_fence_apis ... ok
2026-10-10T13:07:07.7883320Z test git_job_authorization_tests::missing_git_input_is_failed_instead_of_falling_back_to_trusted_scan ... ok
2026-10-10T13:07:07.9029120Z test git_job_authorization_tests::pending_git_protects_its_base_and_survives_reap_for_receipt_reconciliation ... ok
2026-10-10T13:07:07.9742370Z test git_job_authorization_tests::recovery_rejects_a_validly_encoded_receipt_for_a_different_fixed_target ... ok
2026-10-10T13:07:08.0271720Z test git_job_authorization_tests::typed_git_input_and_original_authority_merge_only_when_identical ... ok
2026-10-10T13:07:08.0273630Z test git_job_contract_tests::durable_git_kind_has_a_stable_wire_tag ... ok
2026-10-10T13:07:08.0660530Z test git_job_contract_tests::graph_publication_receipts_are_part_of_the_current_schema ... ok
2026-10-10T13:07:08.1024970Z test git_job_contract_tests::v7_control_upgrade_has_a_consistent_pre_v8_backup_and_typed_input_table ... ok
2026-10-10T13:07:08.1556450Z test git_job_failure_tests::diagnostic_insert_failure_rolls_back_the_actual_terminal_update ... ok
2026-10-10T13:07:08.2174020Z test git_job_failure_tests::failed_git_job_and_safe_diagnostic_reconnect_together_without_raw_error_text ... ok
2026-10-10T13:07:08.2673810Z test git_job_failure_tests::invalidated_owner_cannot_write_the_new_owner_terminal_or_diagnostic ... ok
2026-10-10T13:07:08.5485630Z test git_job_failure_tests::queued_cancellation_diagnostic_failure_rolls_back_all_three_public_paths ... ok
2026-10-10T13:07:08.6118410Z test git_job_failure_tests::queued_explicit_git_cancel_has_a_durable_fixed_admission_diagnostic ... ok
2026-10-10T13:07:08.6632310Z test git_job_failure_tests::queued_git_cancel_compatibility_api_also_has_a_fixed_admission_diagnostic ... ok
2026-10-10T13:07:08.7214290Z test git_job_failure_tests::queued_git_scope_revocation_has_a_durable_fixed_admission_diagnostic ... ok
2026-10-10T13:07:08.7698020Z test git_job_failure_tests::queued_live_grant_failure_is_durable_admission_conflict_not_guessed_owner_loss ... ok
2026-10-10T13:07:09.3121740Z test git_job_input_tests::raw_input_rejects_hash_scope_server_and_extension_corruption_without_claiming ... ok
2026-10-10T13:07:09.3852400Z test git_job_input_tests::typed_git_job_input_is_immutable_and_creation_rolls_back_if_input_write_fails ... ok
2026-10-10T13:07:09.4803360Z test git_job_migration_tests::failed_graph_v13_migration_does_not_enable_a_partially_created_protocol ... ok
2026-10-10T13:07:09.5269480Z test git_job_migration_tests::failed_v8_control_migration_keeps_the_old_version_and_consistent_backup ... ok
2026-10-10T13:07:09.6233700Z test git_job_migration_tests::graph_v12_upgrade_has_an_exact_backup_and_preserves_the_existing_revision ... ok
2026-10-10T13:07:09.7136670Z test git_job_migration_tests::v7_control_upgrade_backs_up_exact_wal_state_and_never_steals_a_live_running_lease ... ok
2026-10-10T13:07:09.9622380Z test git_legacy_terminal_tests::legacy_terminal_api_cannot_bypass_typed_git_failure_or_receipt_protocol ... ok
2026-10-10T13:07:10.0439970Z test git_owned_base_tests::a_backdated_git_result_that_cannot_be_owner_latest_rolls_back_every_publication_row ... ok
2026-10-10T13:07:10.1363950Z test git_owned_base_tests::a_later_unowned_same_root_revision_cannot_be_hidden_by_another_owner_pointer ... ok
2026-10-10T13:07:10.2401280Z test git_owned_base_tests::a_new_revision_in_the_actual_owner_scope_rejects_the_fixed_git_base ... ok
2026-10-10T13:07:10.2984280Z test git_owned_base_tests::another_owner_with_the_same_root_key_does_not_make_the_owned_git_base_stale ... ok
2026-10-10T13:07:10.3586360Z
2026-10-10T13:07:10.3588090Z test git_raw_allocation_tests::input_redundant_server_column_is_checked_before_owned_allocation ... ok
2026-10-10T13:07:10.3593820Z running 1 test
2026-10-10T13:07:10.3599170Z test git_raw_allocation_tests::input_redundant_server_column_is_checked_before_owned_allocation ... ok
2026-10-10T13:07:10.3605700Z
2026-10-10T13:07:10.3609540Z test result: ok. 1 passed; 0 failed; 0 ignored; 0 measured; 381 filtered out; finished in 0.05s
2026-10-10T13:07:10.3614720Z
2026-10-10T13:07:10.3618340Z input redundant 2MiB server field; Rust requested=32
2026-10-10T13:07:10.3623200Z
2026-10-10T13:07:10.4248250Z
2026-10-10T13:07:10.4256380Z test git_raw_allocation_tests::receipt_redundant_server_column_is_checked_before_owned_allocation ... ok
2026-10-10T13:07:10.4860430Z running 1 test
2026-10-10T13:07:10.4866210Z test git_raw_allocation_tests::receipt_redundant_server_column_is_checked_before_owned_allocation ... ok
2026-10-10T13:07:10.4868890Z
2026-10-10T13:07:10.4871280Z test result: ok. 1 passed; 0 failed; 0 ignored; 0 measured; 381 filtered out; finished in 0.05s
2026-10-10T13:07:10.4873860Z
2026-10-10T13:07:10.4877410Z receipt redundant 2MiB server field; Rust requested=40
2026-10-10T13:07:10.4880550Z
2026-10-10T13:07:10.6554190Z test git_selection_integrity_tests::a_complete_selected_run_is_preserved_by_normal_git_publication ... ok
2026-10-10T13:07:10.9300910Z test git_selection_integrity_tests::a_dangling_selected_run_cannot_be_laundered_into_a_complete_git_revision ... ok
2026-10-10T13:07:11.0005520Z test job_authority_decode_tests::corrupt_version_oversized_json_and_secret_fields_never_fall_back_to_legacy ... ok
2026-10-10T13:07:11.1055270Z test job_authority_migration_tests::failed_authority_migration_does_not_enable_v7_or_erase_backup ... ok
2026-10-10T13:07:11.1718780Z test job_authority_migration_tests::real_v6_upgrade_keeps_a_consistent_backup_and_unknown_old_jobs ... ok
2026-10-10T13:07:11.2366830Z test job_authority_tests::authority_row_is_immutable_but_real_parent_deletion_can_cascade ... ok
2026-10-10T13:07:11.2376760Z test job_authority_tests::capability_ceiling_and_live_grants_are_both_required_to_enqueue ... ok
2026-10-10T13:07:11.2798290Z test job_authority_tests::explicit_local_keeps_cross_kind_merge_and_no_policy_compatibility ... ok
2026-10-10T13:07:11.4006080Z test job_authority_tests::malformed_persisted_authority_never_becomes_legacy_or_local ... ok
2026-10-10T13:07:11.5340100Z test job_authority_tests::persisted_authority_reopens_without_bearer_or_job_record_shape_change ... ok
2026-10-10T13:07:11.8843910Z test directory_budget_tests::node_budget_and_page_limit_do_not_decode_a_bad_continuation ... ok
2026-10-10T13:07:11.9048780Z test job_authority_tests::remote_merges_only_same_kind_and_exact_normalized_original_authority ... ok
2026-10-10T13:07:12.8807580Z directory page=1, nodes_read=1, VM steps=121
2026-10-10T13:07:12.8808850Z directory page=5, nodes_read=5, VM steps=209
2026-10-10T13:07:12.9475390Z test directory_budget_tests::wide_directory_decoding_scales_with_the_page_and_not_the_snapshot ... ok
2026-10-10T13:07:12.9557650Z test job_authority_tests::strict_legacy_unknown_does_not_steal_live_running_lease ... ok
2026-10-10T13:07:12.9639980Z test job_authority_tests::withdrawn_live_permission_prevents_publication_callback_and_preserves_failed_state ... ok
2026-10-10T13:07:13.0075150Z test job_authority_tests::queued_expiry_is_failed_by_strict_and_trusted_claim_without_delegation ... ok
2026-10-10T13:07:13.0089870Z test job_cancel_generation_tests::an_old_permit_cannot_cancel_a_reclaimed_generation_with_the_same_owner_name ... ok
2026-10-10T13:07:13.0135300Z test job_authority_tests::running_expiry_rejects_heartbeat_and_old_fence_but_failure_can_be_persisted ... ok
2026-10-10T13:07:13.0770630Z test job_cancel_generation_tests::ordinary_authorized_cancel_keeps_its_queued_compatibility ... ok
2026-10-10T13:07:13.0828530Z test job_cancel_generation_tests::queued_terminal_and_missing_jobs_are_not_generation_cancelled ... ok
2026-10-10T13:07:13.0862480Z test job_cancel_generation_tests::current_generation_cancel_survives_operation_view_revocation_without_renewal ... ok
2026-10-10T13:07:13.1519890Z test job_cancel_generation_tests::wrong_owner_fence_and_unrepresentable_fence_have_no_mutation ... ok
2026-10-10T13:07:13.1552520Z test job_cancel_generation_tests::revoked_scope_still_allows_deny_only_stop_of_the_exact_running_generation ... ok
2026-10-10T13:07:13.2524450Z test job_publication_check_tests::fenced_publication_excludes_post_commit_checkpoint_but_compatibility_retains_it ... ok
2026-10-10T13:07:13.3032520Z test job_publication_check_tests::fenced_publication_defers_actual_automatic_checkpoint_and_restores_threshold ... ok
2026-10-10T13:07:13.3322780Z test job_publication_check_tests::publication_denial_after_real_seal_rolls_back_latest_ownership_and_staging_cleanup ... ok
2026-10-10T13:07:13.3832120Z test job_cancel_generation_tests::scope_revocation_waits_for_original_writer_without_read_upgrade_deadlock ... ok
2026-10-10T13:07:13.4647690Z
2026-10-10T13:07:13.4688630Z thread 'job_publication_check_tests::rejected_or_panicking_publication_restores_automatic_checkpoint' (96957) panicked at crates/diskgraph-store/src/job_publication_check_tests.rs:95:25:
2026-10-10T13:07:13.4690830Z test job_publication_check_tests::rejected_or_panicking_publication_restores_automatic_checkpoint ... ok
2026-10-10T13:07:13.4704390Z injected publication callback panic
2026-10-10T13:07:13.5190440Z test job_publication_check_tests::staging_final_denial_rolls_back_rows_actually_written_before_commit ... ok
2026-10-10T13:07:13.5467230Z test job_queue_query_tests::manual_strict_reap_is_limited_and_does_not_preempt_a_live_legacy_lease ... ok
2026-10-10T13:07:13.5923420Z test job_publication_check_tests::valid_checks_commit_the_original_owned_revision_and_release_staging ... ok
2026-10-10T13:07:13.7910370Z actual queue VM steps: page1=122 page5=270 total=20000
2026-10-10T13:07:14.5112920Z test job_queue_query_tests::queue_page_uses_active_order_index_and_does_not_decode_unselected_jobs ... ok
2026-10-10T13:07:14.5861250Z test locator_budget_tests::indexed_locator_preserves_type_unicode_and_legacy_unknown_size ... ok
2026-10-10T13:07:14.5928320Z test migration_backup::tests::concurrent_migration_backups_keep_both_original_snapshots ... ok
2026-10-10T13:07:14.9174590Z D30 native locator: unrelated=20000, selected=1, sqlite_vm_steps=18
2026-10-10T13:07:15.0118660Z test job_publication_check_tests::real_token_expiry_during_final_sql_cannot_commit_a_revision ... ok
2026-10-10T13:07:16.0555710Z test native_locator_tests::display_aliases_reject_old_staging_missing_identity_and_mismatched_exact_nodes ... ok
2026-10-10T13:07:16.2224660Z test native_locator_tests::exact_native_locator_preserves_raw_and_self_time_and_legacy_unavailable ... ok
2026-10-10T13:07:16.4115100Z test native_locator_tests::known_foreign_encoding_and_document_uri_are_explicitly_unsupported ... ok
2026-10-10T13:07:16.6048750Z test native_locator_tests::located_node_schema_is_present_without_guessing_legacy_bytes ... ok
2026-10-10T13:07:16.8242150Z test native_locator_tests::located_owned_publication_failure_keeps_staging_and_rolls_back_raw_rows ... ok
2026-10-10T13:07:17.0256040Z test native_locator_tests::locator_budget_checks_raw_before_decoding_and_accumulates_nodes_bytes_deadline ... ok
2026-10-10T13:07:19.0271470Z test git_job_authorization_tests::committed_receipt_recovers_after_real_expiry_cancel_revoke_and_does_not_steal_a_live_lease ... ok
2026-10-10T13:07:19.0676200Z test native_locator_tests::locator_half_columns_bad_types_unknown_encoding_and_wrong_display_are_rejected ... ok
2026-10-10T13:07:19.4959730Z test native_locator_tests::same_display_distinct_raw_nodes_publish_only_with_complete_exact_staging ... ok
2026-10-10T13:07:19.5968560Z test native_locator_tests::staging_encoding_cost_matches_every_persisted_payload_field ... ok
2026-10-10T13:07:19.8397090Z test navigation_query_tests::expired_navigation_starts_no_subsequent_sql ... ok
2026-10-10T13:07:19.9102070Z D30 native locator: unrelated=200000, selected=1, sqlite_vm_steps=18
2026-10-10T13:07:19.9350050Z test native_locator_point_query_tests::native_locator_point_query_does_not_scan_or_decode_unrelated_nodes ... ok
2026-10-10T13:07:20.1056400Z test navigation_query_tests::legacy_projection_preserves_unknown_and_checks_payload_id ... ok
2026-10-10T13:07:20.3585620Z page preparation payload authorizer callbacks=2
2026-10-10T13:07:20.3628530Z test navigation_query_tests::navigation_existence_probe_never_selects_large_invalid_legacy_payload ... ok
2026-10-10T13:07:20.8514870Z test native_locator_tests::v10_migration_backups_preserve_unknown_locators_and_reject_already_open_old_writer ... ok
2026-10-10T13:07:21.2694790Z test navigation_query_tests::navigation_shared_ledger_rejects_large_legacy_input_before_decoding ... ok
2026-10-10T13:07:21.4858890Z navigation required raw bytes=117, nodes=2
2026-10-10T13:07:21.4883080Z test navigation_query_tests::navigation_sql_excludes_unused_columns_and_counts_required_input ... ok
2026-10-10T13:07:21.5559570Z test policy_permission_tests::independent_connection_revocation_is_observed_without_cache ... ok
2026-10-10T13:07:21.6269610Z test policy_permission_tests::live_permission_observes_scope_revocation_committed_before_policy_read ... ok
2026-10-10T13:07:21.6607710Z test policy_permission_tests::live_permission_preserves_unpublished_revoked_and_exact_grant_semantics ... ok
2026-10-10T13:07:21.6863580Z test policy_permission_tests::live_permission_rejects_corrupt_required_policy_without_decoding_revoked_scope_policy ... ok
2026-10-10T13:07:21.7198100Z test policy_permission_tests::lookup_matches_legacy_policy_versions_and_exact_grants ... ok
2026-10-10T13:07:21.7200980Z test policy_permission_tests::paired_large_policy_lookup_diagnostic ... ignored, manual release diagnostic; not a production performance gate
2026-10-10T13:07:21.7603390Z test policy_permission_tests::unrelated_corrupt_grant_remains_an_error ... ok
2026-10-10T13:07:21.7942120Z test policy_permission_tests::unrelated_invalid_utf8_text_remains_an_error ... ok
2026-10-10T13:07:21.7946160Z test policy_store::control_query_cache_tests::measure_control_query_compilation_cost ... ignored, release control query CPU comparison; not end-to-end or native acceptance
2026-10-10T13:07:21.8438630Z test policy_store::control_query_cache_tests::repeated_control_reads_do_not_recompile_unchanged_sql ... ok
2026-10-10T13:07:21.9292610Z test policy_store::control_query_cache_tests::warm_control_queries_observe_independent_committed_revocation_and_epoch ... ok
2026-10-10T13:07:21.9755290Z test policy_store::control_query_cache_tests::warm_control_queries_still_execute_sqlite_progress_and_restore_after_interrupt ... ok
2026-10-10T13:07:22.0676380Z test policy_store::live_identity_permission::tests::live_identity_preserves_epoch_token_scope_and_admin_semantics ... ok
2026-10-10T13:07:22.1430600Z live_identity_sqlite_vm_steps=54
2026-10-10T13:07:22.1443760Z test policy_store::live_identity_permission::tests::live_identity_work_does_not_scan_other_principals_or_scopes ... ok
2026-10-10T13:07:22.1979500Z
2026-10-10T13:07:22.1981340Z test policy_store::live_identity_permission::tests::oversized_scope_identity_is_refused_before_owned_allocation ... ok
2026-10-10T13:07:22.1983950Z running 1 test
2026-10-10T13:07:22.1988230Z test policy_store::live_identity_permission::tests::oversized_scope_identity_is_refused_before_owned_allocation ... ok
2026-10-10T13:07:22.1992090Z
2026-10-10T13:07:22.1995520Z test result: ok. 1 passed; 0 failed; 0 ignored; 0 measured; 381 filtered out; finished in 0.04s
2026-10-10T13:07:22.1997700Z
2026-10-10T13:07:22.2000590Z oversized 2MiB identity; Rust requested=689
2026-10-10T13:07:22.2003330Z
2026-10-10T13:07:22.2711050Z test policy_store::live_identity_permission::tests::scope_identity_conversion_errors_remain_errors ... ok
2026-10-10T13:07:22.4320530Z test prepared_staging_node_tests::admitted_encoding_cannot_change_when_source_node_changes ... ok
2026-10-10T13:07:22.6814500Z test prepared_staging_node_tests::prepared_batch_cancel_rolls_back_nodes_and_search_together ... ok
2026-10-10T13:07:22.9034290Z test prepared_staging_node_tests::prepared_commit_cancellation_preserves_the_previous_namespace ... ok
2026-10-10T13:07:22.9234670Z test principal_policy_query_tests::principal_policy_preserves_epoch_revocation_and_default_deny ... ok
2026-10-10T13:07:23.1785990Z principal policy VM steps: small=35, large=35
2026-10-10T13:07:23.1787180Z test principal_policy_query_tests::request_policy_vm_work_does_not_scale_with_unrelated_subjects ... ok
2026-10-10T13:07:23.5006850Z test process_collector_publication_tests::actual_last_receipt_sql_refusal_rolls_back_every_publication_row ... ok
2026-10-10T13:07:23.6577670Z test process_collector_publication_tests::bounded_selection_is_complete_or_refuses_without_demoting_any_run ... ok
2026-10-10T13:07:23.8804680Z test process_collector_publication_tests::dangling_selected_process_source_cannot_publish_a_complete_revision ... ok
2026-10-10T13:07:24.1010830Z test process_collector_publication_tests::malformed_process_relation_and_missing_scan_epoch_refuse_publication ... ok
2026-10-10T13:07:24.3755050Z test process_collector_publication_tests::obsolete_process_receipt_writer_and_cross_kind_job_id_are_rejected ... ok
2026-10-10T13:07:24.5717920Z test process_collector_publication_tests::partial_and_complete_empty_refreshes_keep_old_positive_active ... ok
2026-10-10T13:07:24.7491650Z test process_collector_publication_tests::publication_is_atomic_replayable_and_only_changes_the_new_revision ... ok
2026-10-10T13:07:25.1134560Z test process_fence_admission_tests::process_fence_admission_expired_original_identity_precedes_session_failure ... ok
2026-10-10T13:07:25.3580210Z test process_fence_admission_tests::process_fence_admission_keeps_original_deadline_and_rolls_back_failed_work ... ok
2026-10-10T13:07:26.6403550Z test process_fence_admission_tests::process_fence_admission_live_revoke_cancel_and_owner_refusal_precede_session ... ok
2026-10-10T13:07:27.2925510Z test process_fence_admission_tests::process_fence_admission_stopped_session_never_enters_work_or_changes_job ... ok
2026-10-10T13:07:27.5425870Z test process_fence_admission_tests::process_fence_admission_uses_the_actual_transaction_lease_and_same_costs ... ok
2026-10-10T13:07:27.7085820Z test process_job_authorization_tests::ceiling_and_live_metadata_are_required_at_claim_and_fence ... ok
2026-10-10T13:07:27.9325910Z test process_job_authorization_tests::legacy_reaper_leaves_process_receipt_reconciliation_to_the_typed_runner ... ok
2026-10-10T13:07:28.3558060Z test process_job_authorization_tests::metadata_only_authority_roundtrips_merges_and_never_uses_old_scan_entry ... ok
2026-10-10T13:07:28.5096360Z test process_job_authorization_tests::missing_typed_input_fails_closed_without_stealing_a_live_lease ... ok
2026-10-10T13:07:28.6190930Z test process_job_authorization_tests::obsolete_terminal_entry_and_stale_owner_cannot_settle_process ... ok
2026-10-10T13:07:28.9583250Z test process_job_authorization_tests::queued_scope_or_explicit_cancel_persists_fixed_diagnostic ... ok
2026-10-10T13:07:29.3781040Z test process_job_enqueue_deadline_tests::process_enqueue_expired_original_authority_keeps_its_authorization_error ... ok
2026-10-10T13:07:29.4932970Z test process_job_enqueue_deadline_tests::process_enqueue_expired_quota_request_is_budget_error_without_any_mutation ... ok
2026-10-10T13:07:30.2235220Z test process_job_enqueue_deadline_tests::process_enqueue_host_busy_timeout_is_not_relabelled_as_request_expiry ... ok
2026-10-10T13:07:32.4719540Z test process_job_enqueue_deadline_tests::process_enqueue_last_input_insert_expiry_rolls_back_all_durable_tables ... ok
2026-10-10T13:07:32.7594930Z test process_job_enqueue_deadline_tests::process_enqueue_late_real_commit_abort_is_not_rewritten_as_budget_error ... ok
2026-10-10T13:07:32.9863830Z D44_ENQUEUE_WRITER_AGE {"budget_age_us":405633,"call_wall_us":155633,"held_at_call":true,"injected_age_is_measured_wall":false,"injected_preconsume_ms":250,"original_window_ms":400,"remaining_at_call_us":149994,"result":"Err(BudgetExceeded)","returned_while_held":true,"running_merge":true}
2026-10-10T13:07:32.9939740Z test process_job_enqueue_deadline_tests::process_enqueue_running_merge_cannot_wait_past_the_original_deadline ... ok
2026-10-10T13:07:33.6420770Z exact locator VM steps: 91
2026-10-10T13:07:33.6712320Z test locator_budget_tests::exact_locator_seeks_in_a_wide_revision_without_scanning_siblings ... ok
2026-10-10T13:07:34.1274190Z test process_job_enqueue_deadline_tests::process_enqueue_timely_quota_none_preserves_configuration_and_storage ... ok
2026-10-10T13:07:34.1963460Z D44_ENQUEUE_REVOCATION {"begin_preparations":4,"commit_ack":true,"first_begin_held":true,"grant_read_after_commit_live":true,"original_window_ms":600,"result":"Err(Conflict(\"live job authorization withdrawn\"))"}
2026-10-10T13:07:34.3539670Z test process_job_enqueue_deadline_tests::process_enqueue_timely_create_and_merge_preserve_the_original_job ... ok
2026-10-10T13:07:34.5402590Z D44_ENQUEUE_WRITER_AGE {"budget_age_us":401215,"call_wall_us":151215,"held_at_call":true,"injected_age_is_measured_wall":false,"injected_preconsume_ms":250,"original_window_ms":400,"remaining_at_call_us":149999,"result":"Err(BudgetExceeded)","returned_while_held":true,"running_merge":false}
2026-10-10T13:07:34.5445480Z test process_job_enqueue_deadline_tests::process_enqueue_writer_wait_consumes_the_original_remaining_deadline ... ok
2026-10-10T13:07:34.6372410Z test process_job_protocol_contract_tests::control_v8_upgrade_preserves_git_bytes_and_a_live_lease_in_its_backup ... ok
2026-10-10T13:07:34.6386140Z test process_job_protocol_contract_tests::durable_process_kind_has_only_metadata_and_index_permissions ... ok
2026-10-10T13:07:34.7955580Z test process_job_protocol_contract_tests::graph_v13_upgrade_preserves_git_receipt_bytes_and_the_old_input_api ... ok
2026-10-10T13:07:34.8085110Z test process_job_enqueue_deadline_tests::process_enqueue_writer_revocation_is_rechecked_after_transaction_acquisition ... ok
2026-10-10T13:07:34.8903890Z test process_job_protocol_contract_tests::process_receipts_have_a_separate_current_schema ... ok
2026-10-10T13:07:34.9452990Z test process_job_protocol_contract_tests::same_named_unix_side_columns_with_wrong_types_cannot_enable_v14 ... ok
2026-10-10T13:07:35.0522950Z test process_job_protocol_contract_tests::wrong_process_input_table_refuses_control_upgrade_without_partial_protocol ... ok
2026-10-10T13:07:35.0759850Z test process_job_recovery_tests::pending_process_job_protects_history_and_missing_receipt_never_completes ... ok
2026-10-10T13:07:35.1261410Z test process_job_protocol_contract_tests::wrong_process_receipt_table_refuses_graph_upgrade_without_partial_protocol ... ok
2026-10-10T13:07:35.1678660Z test process_job_recovery_tests::pruned_process_result_keeps_its_unique_committed_receipt ... ok
2026-10-10T13:07:35.2745630Z test process_preparation_projection_tests::process_preparation_projection_bootstrap_is_not_full_input_authorization ... ok
2026-10-10T13:07:35.3254910Z test process_preparation_projection_tests::process_preparation_projection_checks_every_control_and_graph_entry ... ok
2026-10-10T13:07:35.3788600Z test process_preparation_projection_tests::process_preparation_projection_preserves_graph_target_and_missing_gap_semantics ... ok
2026-10-10T13:07:35.4347250Z test process_preparation_projection_tests::process_preparation_projection_rejects_before_decoding_invalid_borrowed_node ... ok
2026-10-10T13:07:35.5656730Z
2026-10-10T13:07:35.5658800Z test process_preparation_projection_tests::process_preparation_projection_rejects_large_legal_scope_before_rust_owning ... ok
2026-10-10T13:07:35.5660610Z running 1 test
2026-10-10T13:07:35.5664080Z test process_preparation_projection_tests::process_preparation_projection_rejects_large_legal_scope_before_rust_owning ... ok
2026-10-10T13:07:35.5666420Z
2026-10-10T13:07:35.5667900Z test result: ok. 1 passed; 0 failed; 0 ignored; 0 measured; 381 filtered out; finished in 0.11s
2026-10-10T13:07:35.5669830Z
2026-10-10T13:07:35.5671260Z borrowed scope raw >4MiB, Rust requested=0
2026-10-10T13:07:35.5675440Z
2026-10-10T13:07:35.7034790Z test process_preparation_projection_tests::process_preparation_projection_shares_control_costs_and_preserves_original_values ... ok
2026-10-10T13:07:36.0351660Z
2026-10-10T13:07:36.0354000Z test process_raw_allocation_tests::oversized_input_server_is_rejected_before_owning_raw_field ... ok
2026-10-10T13:07:36.0356200Z running 1 test
2026-10-10T13:07:36.0381980Z test process_raw_allocation_tests::oversized_input_server_is_rejected_before_owning_raw_field ... ok
2026-10-10T13:07:36.0444450Z
2026-10-10T13:07:36.0661920Z test result: ok. 1 passed; 0 failed; 0 ignored; 0 measured; 381 filtered out; finished in 0.31s
2026-10-10T13:07:36.0897420Z
2026-10-10T13:07:36.1381630Z process input redundant 2MiB server; Rust requested=36
2026-10-10T13:07:36.1516000Z
2026-10-10T13:07:36.2703750Z
2026-10-10T13:07:36.2706010Z test process_raw_allocation_tests::oversized_receipt_server_is_rejected_before_owning_raw_field ... ok
2026-10-10T13:07:36.2725320Z running 1 test
2026-10-10T13:07:36.2768690Z test process_raw_allocation_tests::oversized_receipt_server_is_rejected_before_owning_raw_field ... ok
2026-10-10T13:07:36.2793310Z
2026-10-10T13:07:36.2808600Z test result: ok. 1 passed; 0 failed; 0 ignored; 0 measured; 381 filtered out; finished in 0.13s
2026-10-10T13:07:36.2835520Z
2026-10-10T13:07:36.2839100Z process receipt redundant 2MiB server; Rust requested=40
2026-10-10T13:07:36.2847580Z
2026-10-10T13:07:36.3432760Z test process_unix_observation_tests::actual_unix_staging_insert_is_rolled_back_when_its_final_check_refuses ... ok
2026-10-10T13:07:36.4122890Z test process_unix_observation_tests::captured_unix_epoch_is_published_atomically_and_legacy_is_missing ... ok
2026-10-10T13:07:36.4755720Z test process_unix_observation_tests::staging_requires_the_real_existing_ordinary_file_and_last_check ... ok
2026-10-10T13:07:38.1318290Z test process_job_recovery_tests::receipt_recovery_preserves_committed_fact_after_expiry_and_revocation ... ok
2026-10-10T13:07:38.4011960Z process Unix staging rows=20000; points=3; exact_vm_steps=232
2026-10-10T13:07:38.4029270Z test process_unix_staging_query_tests::unix_staging_current_graph_reopen_indexes_existing_rows_without_rewriting_them ... ok
2026-10-10T13:07:38.4136710Z test process_unix_staging_query_tests::unix_staging_duplicate_ids_and_missing_ids_are_refused_without_observation_rows ... ok
2026-10-10T13:07:39.0366340Z test process_unix_staging_query_tests::unix_staging_target_requires_ordinary_readable_and_lossless_unix_metadata ... ok
2026-10-10T13:07:39.0941260Z test process_unix_staging_query_tests::unix_staging_statements_are_compiled_once_per_batch ... ok
2026-10-10T13:07:40.8461350Z process Unix staging rows=20000; points=3; exact_vm_steps=232
2026-10-10T13:07:40.8482530Z test process_unix_staging_query_tests::unix_staging_three_points_do_not_walk_twenty_thousand_other_nodes ... ok
2026-10-10T13:07:41.1694780Z navigation page=1, exact VM steps=92, nodes=1
2026-10-10T13:07:41.1699410Z navigation page=5, exact VM steps=172, nodes=5
2026-10-10T13:07:41.3904030Z test navigation_query_tests::navigation_query_work_scales_with_the_page ... ok
2026-10-10T13:07:41.5787100Z test reader_admission_tests::admitted_reader_keeps_runtime_cancellation_hook ... ok
2026-10-10T13:07:41.8032050Z test navigation_query_tests::navigation_page_does_not_decode_bad_continuation_and_preserves_offset ... ok
2026-10-10T13:07:41.9896800Z test reader_admission_tests::cancellation_after_temp_store_starts_no_cache_configuration_sql ... ok
2026-10-10T13:07:42.0715870Z test reader_admission_tests::cache_configuration_busy_wait_uses_remaining_original_deadline ... ok
2026-10-10T13:07:42.0720330Z test reader_admission_tests::cancelled_reader_refuses_before_database_path_access ... ok
2026-10-10T13:07:42.0726930Z test reader_admission_tests::expired_and_cancelled_reader_keeps_deadline_error_precedence ... ok
2026-10-10T13:07:42.1570550Z test reader_admission_tests::cancellation_during_reader_preparation_refuses_the_prepared_connection ... ok
2026-10-10T13:07:42.1574170Z test reader_admission_tests::expired_reader_refuses_before_database_path_access ... ok
2026-10-10T13:07:42.2530720Z test reader_admission_tests::expired_reader_does_not_return_a_connection_for_short_queries ... ok
2026-10-10T13:07:43.2589680Z process Unix staging rows=20000; points=3; exact_vm_steps=232
2026-10-10T13:07:43.3735400Z test process_unix_staging_query_tests::unix_staging_v13_upgrade_indexes_existing_rows_without_rewriting_them ... ok
2026-10-10T13:07:43.6178210Z test reader_admission_tests::live_preparation_still_executes_both_required_configuration_statements ... ok
2026-10-10T13:07:43.7247890Z test reader_admission_tests::ownership_reader_configuration_cost_experiment ... ignored, release diagnostic only; raw reader deliberately lacks production admission hooks
2026-10-10T13:07:43.7289130Z test reader_admission_tests::ownership_reader_configuration_phase_costs ... ignored, release phase diagnostic only; not an optimized production reader
2026-10-10T13:07:43.7293800Z test reader_prepare_benchmark::separate_and_batched_configuration_total_costs ... ignored, isolated release preparation experiment; not production acceptance
2026-10-10T13:07:43.7296790Z test reader_admission_tests::expiry_after_open_starts_no_configuration_sql ... ok
2026-10-10T13:07:43.7420700Z test reader_admission_tests::expiry_during_reader_preparation_refuses_the_prepared_connection ... ok
2026-10-10T13:07:43.9541710Z test relation_budget_tests::bad_huge_lookahead_is_only_an_existence_probe ... ok
2026-10-10T13:07:43.9554520Z test relation_budget_tests::candidate_late_node_is_atomic_and_gap_stays_exact ... ok
2026-10-10T13:07:43.9592060Z test relation_budget_tests::bounded_candidate_evidence_preserves_the_legacy_text_column_contract ... ok
2026-10-10T13:07:44.2118880Z test relation_budget_tests::evidence_raw_exact_limit_and_one_byte_excess_precede_deserialization ... ok
2026-10-10T13:07:44.2141300Z test relation_budget_tests::legacy_relation_page_preserves_text_type_without_decoding_its_lookahead ... ok
2026-10-10T13:07:44.2223510Z test relation_budget_tests::legacy_unknown_and_unicode_node_behavior_is_preserved ... ok
2026-10-10T13:07:44.4854720Z test relation_budget_tests::legacy_zero_raw_cap_keeps_empty_and_format_error_semantics ... ok
2026-10-10T13:07:44.4960210Z test relation_budget_tests::malformed_budgeted_edge_is_not_hidden_as_a_truncation ... ok
2026-10-10T13:07:44.5156810Z test relation_budget_tests::required_evidence_cumulative_bytes_do_not_return_a_partial_node ... ok
2026-10-10T13:07:44.8966770Z test relation_budget_tests::self_loop_decoded_in_both_directions_uses_two_units ... ok
2026-10-10T13:07:44.9873160Z test relation_budget_tests::selected_node_raw_fields_are_gated_before_bad_locator_parse ... ok
2026-10-10T13:07:45.0349870Z test revision_candidate_tests::active_typed_occupancy_blocks_candidates_only_in_its_revision ... ok
2026-10-10T13:07:45.1464180Z test revision_evidence_tests::revision_evidence_budget_precedes_bad_json_and_lookahead_decode ... ok
2026-10-10T13:07:45.2981190Z test revision_candidate_tests::dependency_only_assertions_do_not_block_current_candidates ... ok
2026-10-10T13:07:45.3296920Z test revision_evidence_tests::revision_evidence_expired_shared_deadline_is_not_complete_empty ... ok
2026-10-10T13:07:45.5360610Z test revision_evidence_tests::revision_evidence_ignores_cross_snapshot_members_even_with_corrupt_binding ... ok
2026-10-10T13:07:45.5680530Z test revision_evidence_tests::revision_evidence_keyset_deduplicates_self_loop_and_multiple_memberships ... ok
2026-10-10T13:07:45.7397970Z test revision_candidate_tests::typed_protection_excludes_both_ancestors_and_descendants ... ok
2026-10-10T13:07:45.8206960Z test revision_evidence_tests::revision_evidence_selects_active_assertions_and_dependency_provenance ... ok
2026-10-10T13:07:45.9785390Z test revision_evidence_tests::revision_evidence_shares_entity_and_provenance_raw_budget ... ok
2026-10-10T13:07:46.3070990Z test revision_ownership_reader::cache_tests::compiled_ownership_sql_never_ignores_a_removed_authorization_view ... ok
2026-10-10T13:07:46.5064450Z test revision_ownership_reader::cache_tests::repeated_ownership_sql_reuses_compilation_and_observes_committed_quarantine ... ok
2026-10-10T13:07:46.6231100Z terminal_busy_phases admission=378.262µs locked=450.544µs before_select=116.405624ms select=354.587µs total=116.760207ms result=Err(Sqlite(SqliteFailure(Error { code: DatabaseBusy, extended_code: 5 }, Some("database is locked"))))
2026-10-10T13:07:47.0250580Z terminal_busy_phases admission=499.205µs locked=542.41µs before_select=397.536496ms select=12.204µs total=397.543594ms result=Err(BudgetExceeded)
2026-10-10T13:07:47.0984320Z test revision_ownership_reader_tests::a_later_busy_select_uses_only_the_original_remaining_window ... ok
2026-10-10T13:07:47.5778350Z test revision_ownership_reader_tests::a_new_terminal_connection_observes_database_replaced_at_same_path ... ok
2026-10-10T13:07:47.5807780Z test revision_ownership_reader_tests::expired_terminal_admission_does_not_open_or_create_database ... ok
2026-10-10T13:07:47.7680050Z test revision_ownership_reader_tests::fresh_terminal_reader_rejects_quarantine_hidden_from_consumer_snapshot ... ok
2026-10-10T13:07:47.7733860Z test revision_ownership_reader_tests::missing_ownership_view_is_an_error_and_never_authorization ... ok
2026-10-10T13:07:47.7743590Z test revision_ownership_reader_tests::release_terminal_connection_costs ... ignored, release benchmark: compare actual independent terminal connection costs
2026-10-10T13:07:47.7986160Z inactive same-entity edges=20000, VM instructions 196, query_ok=true
2026-10-10T13:07:47.9435650Z test revision_ownership_reader_tests::successive_terminal_selects_observe_intervening_wal_commit ... ok
2026-10-10T13:07:48.1918660Z test revision_ownership_reader_tests::terminal_sql_is_interrupted_under_original_deadline ... ok
2026-10-10T13:07:48.3906810Z test revision_target_query_tests::actual_owner_projection_charges_all_fields_on_the_original_shared_ledger ... ok
2026-10-10T13:07:49.1482640Z test revision_target_query_tests::legal_large_snapshot_id_and_expired_deadline_are_refused_without_refreshing_the_budget ... ok
2026-10-10T13:07:49.3912600Z test revision_target_query_tests::separated_owner_and_target_share_exact_raw_admission_without_reset ... ok
2026-10-10T13:07:49.5994200Z test scan_receipt_protocol_tests::corrupt_scan_receipt_is_an_error_instead_of_absence ... ok
2026-10-10T13:07:49.8594670Z test scan_receipt_protocol_tests::duplicate_scan_job_rolls_back_second_publication ... ok
2026-10-10T13:07:50.3833590Z test scan_receipt_protocol_tests::final_scan_check_rolls_back_receipt_and_revision_together ... ok
2026-10-10T13:07:50.6547130Z test scan_receipt_protocol_tests::history_pruning_preserves_scan_publication_receipt ... ok
2026-10-10T13:07:50.9170140Z test scan_receipt_protocol_tests::obsolete_snapshot_insert_cannot_bypass_the_new_writer_generation ... ok
2026-10-10T13:07:51.0771730Z test scan_receipt_protocol_tests::scan_receipt_migration_rolls_back_on_a_conflicting_old_table ... ok
2026-10-10T13:07:51.2212220Z test scan_receipt_protocol_tests::scan_receipt_protocol_rejects_a_replaced_immutability_trigger ... ok
2026-10-10T13:07:51.4105550Z test scan_receipt_protocol_tests::scan_receipt_storage_is_immutable_and_independent_of_history ... ok
2026-10-10T13:07:51.7773680Z test scan_receipt_protocol_tests::v15_upgrade_preserves_history_and_adds_receipt_protocol ... ok
2026-10-10T13:07:52.2384060Z diskgraph: staging automatic checkpoint configuration restore failed
2026-10-10T13:07:52.2432770Z test scan_staging_store::checkpoint_tests::committed_maintenance_responsibility_survives_configuration_restore_failure ... ok
2026-10-10T13:07:52.4996400Z test scan_staging_store::checkpoint_tests::deferred_staging_leaves_real_committed_pages_out_of_main_until_maintenance ... ok
2026-10-10T13:07:53.0873050Z test scan_staging_store::checkpoint_tests::disabled_or_unreached_original_threshold_does_not_request_maintenance ... ok
2026-10-10T13:07:53.2817120Z test scan_staging_store::checkpoint_tests::ordinary_append_after_deferred_commit_retains_original_automatic_checkpoint ... ok
2026-10-10T13:07:53.5685750Z
2026-10-10T13:07:53.5731840Z thread 'scan_staging_store::checkpoint_tests::rejected_and_panicking_staging_restore_configuration_and_roll_back' (98713) panicked at crates/diskgraph-store/src/staging_checkpoint_tests.rs:125:25:
2026-10-10T13:07:53.5734870Z test scan_staging_store::checkpoint_tests::rejected_and_panicking_staging_restore_configuration_and_roll_back ... ok
2026-10-10T13:07:53.5983780Z actual staging cancellation panic
2026-10-10T13:07:53.8650240Z test scan_staging_store::checkpoint_tests::unix_observation_commit_also_defers_actual_checkpoint ... ok
2026-10-10T13:07:53.9173270Z
2026-10-10T13:07:53.9177930Z running 1 test
2026-10-10T13:07:53.9179060Z test scope_native_projection_tests::scope_native_projection_large_optional_fields_do_not_enter_scalar_or_root_reads ... ok
2026-10-10T13:07:53.9184470Z test scope_native_projection_tests::scope_native_projection_large_optional_fields_do_not_enter_scalar_or_root_reads ... ok
2026-10-10T13:07:53.9198720Z
2026-10-10T13:07:53.9205130Z test result: ok. 1 passed; 0 failed; 0 ignored; 0 measured; 381 filtered out; finished in 0.03s
2026-10-10T13:07:53.9218300Z
2026-10-10T13:07:53.9231300Z scope optional 4MiB, Rust requested=731
2026-10-10T13:07:53.9245060Z
2026-10-10T13:07:54.0583500Z
2026-10-10T13:07:54.0584800Z test scope_native_projection_tests::scope_native_projection_large_required_raw_is_refused_before_decode ... ok
2026-10-10T13:07:54.0588680Z running 1 test
2026-10-10T13:07:54.0591910Z test scope_native_projection_tests::scope_native_projection_large_required_raw_is_refused_before_decode ... ok
2026-10-10T13:07:54.0594560Z
2026-10-10T13:07:54.0597230Z test result: ok. 1 passed; 0 failed; 0 ignored; 0 measured; 381 filtered out; finished in 0.12s
2026-10-10T13:07:54.0601930Z
2026-10-10T13:07:54.0604920Z scope required raw >2MiB, refused Rust requested=0
2026-10-10T13:07:54.0606950Z
2026-10-10T13:07:54.0777700Z test scope_native_projection_tests::scope_native_projection_preserves_native_units_without_a_display_fallback ... ok
2026-10-10T13:07:54.0954570Z test scope_native_projection_tests::scope_native_projection_rejects_kind_encoding_and_column_errors ... ok
2026-10-10T13:07:54.1161320Z test scope_native_projection_tests::scope_native_projection_reuses_original_budget_and_terminal_callback ... ok
2026-10-10T13:07:54.1376500Z test scope_native_projection_tests::scope_native_projection_scalar_preserves_missing_policy_grants_and_revocation ... ok
2026-10-10T13:07:54.1592920Z test scope_native_projection_tests::scope_native_projection_sql_never_reads_optional_display_or_volume ... ok
2026-10-10T13:07:54.2045430Z
2026-10-10T13:07:54.2364200Z thread 'scope_registration_transaction_tests::a_callback_panic_rolls_back_and_restores_the_original_connection' (98729) panicked at crates/diskgraph-store/src/scope_registration_transaction_tests.rs:186:20:
2026-10-10T13:07:54.2367290Z test scope_registration_transaction_tests::a_callback_panic_rolls_back_and_restores_the_original_connection ... ok
2026-10-10T13:07:54.2370350Z isolation callback fixture
2026-10-10T13:07:54.2586390Z test scope_registration_transaction_tests::a_same_transaction_policy_change_cannot_commit_old_epoch_grants ... ok
2026-10-10T13:07:55.1263060Z test scope_registration_transaction_tests::expired_authentication_after_isolation_rolls_back_without_renewal ... ok
2026-10-10T13:07:55.1780050Z test scope_registration_transaction_tests::registration_is_invisible_to_another_connection_until_all_grants_commit ... ok
2026-10-10T13:07:55.3264930Z test scope_registration_transaction_tests::waiting_registration_rechecks_a_committed_withdrawal_or_new_epoch ... ok
2026-10-10T13:07:59.2705050Z process Unix staging rows=200000; points=3; exact_vm_steps=232
2026-10-10T13:07:59.3418260Z test process_unix_staging_query_tests::unix_staging_three_points_do_not_walk_two_hundred_thousand_other_nodes ... ok
2026-10-10T13:07:59.4612460Z test tests::collector_regressions::collector_batches_store_validate_and_explain ... ok
2026-10-10T13:07:59.5426900Z test tests::collector_regressions::endpoint_violations_reject_the_whole_batch ... ok
2026-10-10T13:07:59.5560580Z test tests::migration_regressions::control_migration_failure_preserves_previous_recovery_backup ... ok
2026-10-10T13:07:59.6657130Z test tests::migration_regressions::migration_backup_is_written_and_open_failure_keeps_v1_intact ... ok
2026-10-10T13:07:59.7505350Z test tests::migration_regressions::migration_retry_preserves_existing_recovery_backup ... ok
2026-10-10T13:07:59.8422430Z test tests::migration_regressions::persists_across_connections ... ok
2026-10-10T13:07:59.8467140Z test tests::migration_regressions::unknown_future_schema_versions_are_rejected ... ok
2026-10-10T13:07:59.9191100Z test tests::migration_regressions::v1_databases_migrate_in_place_keeping_existing_rows ... ok
2026-10-10T13:08:00.0051620Z test tests::node_regressions::a_measured_node_stores_no_payload_and_still_reads_back_identically ... ok
2026-10-10T13:08:00.2156770Z test tests::node_regressions::a_node_of_unknown_size_keeps_its_payload_because_it_is_the_record ... ok
2026-10-10T13:08:02.3289630Z POINT_NODE_VM rows=20000 selected=1 steps=59 selected=16 steps=944
2026-10-10T13:08:05.3879080Z inactive same-entity edges=200000, VM instructions 196, query_ok=true
2026-10-10T13:08:05.4476320Z test revision_history_budget_tests::selected_page_does_not_scan_same_entity_inactive_history ... ok
2026-10-10T13:08:05.6007180Z test tests::node_regressions::narrow_legacy_reads_refuse_payload_id_that_disagrees_with_the_row ... ok
2026-10-10T13:08:06.0752740Z test revision_evidence_tests::revision_evidence_narrow_query_does_not_scan_200k_unrelated_memberships ... ok
2026-10-10T13:08:06.2270150Z test tests::node_regressions::rejects_invalid_graph_without_persisting_a_partial_snapshot ... ok
2026-10-10T13:08:06.3625810Z test tests::node_regressions::snapshots_are_immutable_and_queries_are_ordered ... ok
2026-10-10T13:08:06.5229530Z test tests::node_regressions::v4_structured_rows_read_identically_to_their_json_payload ... ok
2026-10-10T13:08:06.6541830Z
2026-10-10T13:08:06.6543300Z test tests::publication_regressions::contiguous_publication_preparation_avoids_per_node_id_allocations ... ok
2026-10-10T13:08:06.6563560Z running 1 test
2026-10-10T13:08:06.6567110Z test tests::publication_regressions::graph_identity_validation_keeps_arbitrary_order_ranges_and_error_priority ... ok
2026-10-10T13:08:06.6659520Z test tests::publication_regressions::contiguous_publication_preparation_avoids_per_node_id_allocations ... ok
2026-10-10T13:08:06.6674410Z
2026-10-10T13:08:06.6732490Z test result: ok. 1 passed; 0 failed; 0 ignored; 0 measured; 381 filtered out; finished in 0.12s
2026-10-10T13:08:06.6744600Z
2026-10-10T13:08:06.6789230Z publication Rust requested: contiguous=315292, arbitrary_order=872364, nodes=20000; no SQLite C/RSS measurement
2026-10-10T13:08:06.6795070Z
2026-10-10T13:08:06.7205480Z test tests::publication_regressions::graph_validation_accepts_reverse_ordered_twenty_thousand_level_tree ... ok
2026-10-10T13:08:06.7209520Z test tests::publication_regressions::publication_preparation_metadata_costs ... ignored, manual metadata-only publication preparation measurement; not native scan acceptance
2026-10-10T13:08:06.9685200Z test tests::node_regressions::narrow_reads_refuse_wrong_column_types_instead_of_defaulting_them ... ok
2026-10-10T13:08:07.2009340Z test tests::publication_regressions::snapshot_removal_respects_pins_and_revision_dependencies ... ok
2026-10-10T13:08:07.3953840Z test tests::publication_regressions::snapshots_list_pages_newest_first_and_can_filter_by_root ... ok
2026-10-10T13:08:07.4384070Z test tests::publication_regressions::publication_rejects_disconnected_parent_cycles_without_changing_latest ... ok
2026-10-10T13:08:07.5487870Z test tests::publication_regressions::staging_is_invisible_until_published_and_latest_advances_atomically ... ok
2026-10-10T13:08:07.7039100Z test tests::publication_regressions::stale_fencing_staging_is_removed_without_touching_current_or_other_jobs ... ok
2026-10-10T13:08:08.4741860Z test tests::publication_regressions::staging_search_statement_is_prepared_once_per_batch_with_unicode_rows_intact ... ok
2026-10-10T13:08:08.6499310Z test tests::query_regressions::ordered_history_cursor_uses_an_index_before_decoding_nodes ... ok
2026-10-10T13:08:08.8258910Z test tests::query_regressions::relation_pages_decode_only_requested_edges_and_keep_a_stable_cursor ... ok
2026-10-10T13:08:08.8953450Z test tests::query_regressions::unknown_child_count_uses_a_sparse_index ... ok
2026-10-10T13:08:09.0263100Z test tests::wal_regressions::a_healthy_log_is_left_alone ... ok
2026-10-10T13:08:09.1629490Z test tests::wal_regressions::a_publish_leaves_no_write_ahead_log_behind ... ok
2026-10-10T13:08:10.3574190Z test tests::query_regressions::bidirectional_relation_page_uses_adjacency_indexes ... ok
2026-10-10T13:08:10.5055360Z test tests::wal_regressions::the_locator_index_is_not_rebuilt ... ok
2026-10-10T13:08:10.7344330Z test tests::wal_regressions::the_wal_is_capped_so_it_cannot_grow_without_bound ... ok
2026-10-10T13:08:11.1281440Z test tests::wal_regressions::an_oversized_wal_is_folded_back_into_the_database_at_open ... ok
2026-10-10T13:08:15.7609080Z test search_keyset_tests::deep_search_keyset_does_not_revisit_preceding_matches ... ok
2026-10-10T13:08:25.1996350Z POINT_NODE_VM rows=200000 selected=1 steps=59 selected=16 steps=944
2026-10-10T13:08:25.2366970Z test tests::node_regressions::actual_point_lookup_vm_work_scales_with_selection_not_snapshot_size ... ok
2026-10-10T13:08:37.9090370Z test tree_budget_tests::sparse_unknown_tree_page_seeks_without_visiting_the_known_prefix ... ok
2026-10-10T13:08:37.9098220Z test unix_staging_cost_tests::actual_cost_accepts_equal_budget_and_rejects_one_byte_less ... ok
2026-10-10T13:08:37.9102130Z test unix_staging_cost_tests::complete_observation_charges_real_validated_encoding ... ok
2026-10-10T13:08:37.9105020Z test unix_staging_cost_tests::every_gap_charges_its_exact_code_and_two_integer_fields ... ok
2026-10-10T13:08:38.0862070Z test unix_staging_cost_tests::measured_payload_matches_the_actual_staging_row ... ok
2026-10-10T13:08:38.0940080Z test unix_staging_cost_tests::missing_or_conflicting_payload_is_rejected ... ok
2026-10-10T13:08:38.2506590Z test tree_budget_tests::merged_tree_window_does_not_decode_a_corrupt_unknown_continuation ... ok
2026-10-10T13:08:38.6805250Z D31 Windows observation: unrelated=20000, selected=1, sqlite_vm_steps=18
2026-10-10T13:08:38.7317520Z test windows_observation_publication_tests::windows_observation_gaps_survive_publish_and_fenced_cleanup_removes_metadata ... ok
2026-10-10T13:08:38.8457820Z test windows_observation_publication_tests::windows_observation_publication_failure_keeps_staging_and_rolls_back_latest ... ok
2026-10-10T13:08:39.1153850Z test windows_observation_publication_tests::windows_observation_v11_backup_is_consistent_and_old_open_writer_is_rejected ... ok
2026-10-10T13:08:39.1952710Z test windows_observation_tests::windows_observation_budget_admits_borrowed_blob_before_decode_and_accumulates ... ok
2026-10-10T13:08:39.2996850Z test windows_observation_tests::windows_observation_invalid_batch_rolls_back_preceding_rows_and_search ... ok
2026-10-10T13:08:40.9868700Z test windows_observation_tests::windows_observation_query_rejects_half_columns_types_unknown_formats_and_bad_codec ... ok
2026-10-10T13:08:41.1724100Z test tree_budget_tests::dense_mixed_unknown_tree_counts_do_not_walk_the_threshold_prefix ... ok
2026-10-10T13:08:41.3342260Z test windows_observation_tests::windows_observation_roundtrip_reopen_preserves_full_bits_and_old_unknown ... ok
2026-10-10T13:08:41.4565070Z test windows_observation_tests::windows_observation_schema_exists_without_inventing_legacy_metadata ... ok
2026-10-10T13:08:41.4829730Z test withdrawal_capability_tests::private_in_memory_database_has_no_cross_connection_withdrawal_capability ... ok
2026-10-10T13:08:41.5065810Z test windows_observation_tests::windows_observation_staging_cost_matches_actual_fields_and_gap_is_portable ... ok
2026-10-10T13:08:41.5269120Z test withdrawal_capability_tests::unix_default_vfs_does_not_guess_namespace_from_path_or_server ... ok
2026-10-10T13:08:41.5320420Z tree remaining_nodes=2, requested=5000, VM steps=400
2026-10-10T13:08:41.6174670Z test tree_budget_tests::tree_sql_window_scales_with_remaining_budget_not_requested_limit ... ok
2026-10-10T13:08:42.0120550Z D31 Windows observation: unrelated=200000, selected=1, sqlite_vm_steps=18
2026-10-10T13:08:42.0682530Z test windows_observation_publication_tests::windows_observation_point_query_work_is_independent_of_unrelated_nodes ... ok
2026-10-10T13:08:42.0686980Z
2026-10-10T13:08:42.0688800Z test result: ok. 374 passed; 0 failed; 8 ignored; 0 measured; 0 filtered out; finished in 144.33s
2026-10-10T13:08:42.0689890Z
2026-10-10T13:08:42.0817520Z [1m[92m     Running[0m tests/candidate_query.rs (target/debug/deps/candidate_query-bb04183ef0ad0762)
2026-10-10T13:08:42.0954180Z
2026-10-10T13:08:42.0959030Z running 10 tests
2026-10-10T13:08:42.4027840Z test admitted_partial_candidate_header_is_observed_with_real_coverage_gap ... ok
2026-10-10T13:08:42.4045590Z test admitted_complete_candidate_header_is_explicitly_observed ... ok
2026-10-10T13:08:42.4063560Z test candidate_result_never_calls_a_budget_cut_complete ... ok
2026-10-10T13:08:42.7343240Z test expired_candidate_deadline_keeps_an_unobserved_ordinary_header ... ok
2026-10-10T13:08:42.7974440Z test candidate_snapshot_header_and_required_evidence_share_remaining_raw_bytes ... ok
2026-10-10T13:08:42.8246070Z test expired_candidate_deadline_keeps_an_unobserved_oversized_header ... ok
2026-10-10T13:08:42.8363490Z test admitted_snapshot_headers_preserve_candidate_protection_gap_and_completeness ... ok
2026-10-10T13:08:42.9299770Z test migrated_prestructured_directory_remains_a_candidate ... ok
2026-10-10T13:08:42.9352590Z test positive_target_candidates_skip_unrelated_corrupt_nodes_and_report_the_gap ... ok
2026-10-10T13:08:43.0098270Z test oversized_legal_snapshot_header_is_rejected_by_candidate_raw_budget ... ok
2026-10-10T13:08:43.0099950Z
2026-10-10T13:08:43.0101740Z test result: ok. 10 passed; 0 failed; 0 ignored; 0 measured; 0 filtered out; finished in 0.91s
2026-10-10T13:08:43.0103530Z
2026-10-10T13:08:43.0117010Z [1m[92m     Running[0m tests/job_claim.rs (target/debug/deps/job_claim-2aca73294230079c)
2026-10-10T13:08:43.0263180Z
2026-10-10T13:08:43.0328790Z running 13 tests
2026-10-10T13:08:43.0818290Z test admission_rechecks_the_live_grant_inside_its_transaction ... ok
2026-10-10T13:08:43.0946320Z test a_revoked_policy_prevents_fenced_work ... ok
2026-10-10T13:08:43.1068250Z test an_expired_job_is_reclaimed_instead_of_remaining_stuck ... ok
2026-10-10T13:08:43.1133920Z test a_reused_owner_name_does_not_reuse_the_old_fence ... ok
2026-10-10T13:08:43.1484430Z test an_expired_owner_cannot_finish_a_job ... ok
2026-10-10T13:08:43.1889300Z test concurrent_connections_cannot_both_claim_a_job ... ok
2026-10-10T13:08:43.1986560Z test final_integer_fencing_generation_is_valid_but_cannot_be_recycled ... ok
2026-10-10T13:08:43.1988950Z test process_claim_worker ... ok
2026-10-10T13:08:43.1997600Z test invalid_or_exhausted_fencing_never_commits_a_claim ... ok
2026-10-10T13:08:43.2062550Z test merging_jobs_never_substitutes_another_request_subject ... ok
2026-10-10T13:08:43.2313360Z test strict_claim_refuses_a_second_claim_by_the_same_owner ... ok
2026-10-10T13:08:43.2714340Z test migration_preserves_a_live_legacy_running_lease ... ok
2026-10-10T13:08:43.2721130Z test two_processes_cannot_both_claim_a_job ... ok
2026-10-10T13:08:43.2721720Z
2026-10-10T13:08:43.2723200Z test result: ok. 13 passed; 0 failed; 0 ignored; 0 measured; 0 filtered out; finished in 0.25s
2026-10-10T13:08:43.2724040Z
2026-10-10T13:08:43.2729980Z [1m[92m     Running[0m tests/migration_backup.rs (target/debug/deps/migration_backup-b84fc0208ec026aa)
2026-10-10T13:08:43.2852170Z
2026-10-10T13:08:43.2852800Z running 2 tests
2026-10-10T13:08:43.8446740Z test v7_upgrade_backs_up_the_previous_schema_and_builds_candidate_indexes ... ok
2026-10-10T13:08:43.8552110Z test migration_backup_includes_committed_wal_frames ... ok
2026-10-10T13:08:43.8552950Z
2026-10-10T13:08:43.8554070Z test result: ok. 2 passed; 0 failed; 0 ignored; 0 measured; 0 filtered out; finished in 0.57s
2026-10-10T13:08:43.8555020Z
2026-10-10T13:08:43.8558960Z [1m[92m     Running[0m tests/perf_probe.rs (target/debug/deps/perf_probe-e619c2b3bcdf5077)
2026-10-10T13:08:43.8689810Z
2026-10-10T13:08:43.8690670Z running 4 tests
2026-10-10T13:08:43.8692030Z test batch_insert_throughput_by_size ... ignored, isolated synthetic SQLite transaction throughput; not production staging acceptance
2026-10-10T13:08:43.8694220Z test decompose_load_revision_cost ... ignored, real-data probe over the operator's home revision
2026-10-10T13:08:43.8696000Z test pragma_overhead_isolation ... ignored, real-data probe v4: isolate the pragma overhead
2026-10-10T13:08:43.8697660Z test store_load_revision_end_to_end ... ignored, real-data probe v3: store-layer load_revision end to end
2026-10-10T13:08:43.8699330Z
2026-10-10T13:08:43.8699810Z test result: ok. 0 passed; 0 failed; 4 ignored; 0 measured; 0 filtered out; finished in 0.00s
2026-10-10T13:08:43.8700540Z
2026-10-10T13:08:43.8702180Z [1m[92m     Running[0m tests/source_layout.rs (target/debug/deps/source_layout-a95525146b2ab162)
2026-10-10T13:08:43.8833230Z
2026-10-10T13:08:43.8834860Z running 3 tests
2026-10-10T13:08:43.8873000Z test non_root_file_explicit_path_is_relative_to_its_declaring_file ... ok
2026-10-10T13:08:43.8874590Z test explicit_module_path_is_visited_instead_of_an_invented_default_path ... ok
2026-10-10T13:08:44.4944330Z test production_storage_entry_types_and_imports_follow_the_rust_contract ... ok
2026-10-10T13:08:44.4945200Z
2026-10-10T13:08:44.4945700Z test result: ok. 3 passed; 0 failed; 0 ignored; 0 measured; 0 filtered out; finished in 0.61s
2026-10-10T13:08:44.4946390Z
2026-10-10T13:08:44.4958070Z [1m[92m     Running[0m unittests src/lib.rs (target/debug/deps/diskgraph_testkit-71ff1e0308d08129)
2026-10-10T13:08:44.5072610Z
2026-10-10T13:08:44.5077210Z running 5 tests
2026-10-10T13:08:44.5081370Z test tests::real_os_requirements_manifest_is_machine_checkable ... ok
2026-10-10T13:08:44.5091230Z test tests::sparse_file_has_apparent_bytes_far_above_allocation ... ok
2026-10-10T13:08:44.5094500Z test tests::unreadable_dir_guard_restores_permissions_on_drop ... ok
2026-10-10T13:08:44.5098050Z test tests::fixture_tree_builds_files_dirs_and_hidden_entries ... ok
2026-10-10T13:08:44.5099410Z test tests::hardlink_points_at_the_same_inode ... ok
2026-10-10T13:08:44.5100150Z
2026-10-10T13:08:44.5100840Z test result: ok. 5 passed; 0 failed; 0 ignored; 0 measured; 0 filtered out; finished in 0.00s
2026-10-10T13:08:44.5101600Z
2026-10-10T13:08:44.5104950Z [1m[92m     Running[0m tests/readme_coverage.rs (target/debug/deps/readme_coverage-287ea02c25636280)
2026-10-10T13:08:44.5225700Z
2026-10-10T13:08:44.5226640Z running 2 tests
2026-10-10T13:08:44.5237480Z test the_manifest_references_the_readme_where_it_is_not_automatic ... ok
2026-10-10T13:08:44.5244360Z test every_published_crate_has_a_substantive_readme ... ok
2026-10-10T13:08:44.5245090Z
2026-10-10T13:08:44.5245840Z test result: ok. 2 passed; 0 failed; 0 ignored; 0 measured; 0 filtered out; finished in 0.00s
2026-10-10T13:08:44.5246950Z
2026-10-10T13:08:44.5249560Z [1m[92m     Running[0m tests/scan_fixtures.rs (target/debug/deps/scan_fixtures-1ce9409105693853)
2026-10-10T13:08:44.5408980Z
2026-10-10T13:08:44.5414170Z running 6 tests
2026-10-10T13:08:44.5446550Z test hidden_files_are_indexed_but_never_become_candidates ... ok
2026-10-10T13:08:44.5456470Z test depth_limited_scan_keeps_bounded_nodes_but_marks_coverage_partial ... ok
2026-10-10T13:08:44.5458980Z test sparse_file_reported_apparent_or_allocated_by_setting ... ok
2026-10-10T13:08:44.5461370Z test hardlinks_count_once_with_dedup_and_twice_without ... ok
2026-10-10T13:08:44.5466310Z test unreadable_directory_forces_incomplete_coverage ... ok
2026-10-10T13:08:44.5467310Z test symlink_loop_neither_hangs_nor_expands_by_default ... ok
2026-10-10T13:08:44.5467840Z
2026-10-10T13:08:44.5471090Z test result: ok. 6 passed; 0 failed; 0 ignored; 0 measured; 0 filtered out; finished in 0.01s
2026-10-10T13:08:44.5472010Z
2026-10-10T13:08:44.5718210Z ##[group]Run cargo test -p diskgraph-engine -p diskgraph-cli -p diskgraph-mcp --all-targets --locked --no-fail-fast -- --nocapture
2026-10-10T13:08:44.5720130Z [36;1mcargo test -p diskgraph-engine -p diskgraph-cli -p diskgraph-mcp --all-targets --locked --no-fail-fast -- --nocapture[0m
2026-10-10T13:08:44.5858140Z shell: /bin/bash -e {0}
2026-10-10T13:08:44.5859200Z env:
2026-10-10T13:08:44.5860080Z   CARGO_TERM_COLOR: always
2026-10-10T13:08:44.5860770Z   RUSTFLAGS: -D warnings
2026-10-10T13:08:44.5861560Z   CARGO_HOME: /Users/runner/.cargo
2026-10-10T13:08:44.5862500Z   CARGO_INCREMENTAL: 0
2026-10-10T13:08:44.5863520Z   CACHE_ON_FAILURE: false
2026-10-10T13:08:44.5864970Z   pythonLocation: /Users/runner/hostedtoolcache/Python/3.13.15/x64
2026-10-10T13:08:44.5867870Z   PKG_CONFIG_PATH: /Users/runner/hostedtoolcache/Python/3.13.15/x64/lib/pkgconfig
2026-10-10T13:08:44.5869540Z   Python_ROOT_DIR: /Users/runner/hostedtoolcache/Python/3.13.15/x64
2026-10-10T13:08:44.5871170Z   Python2_ROOT_DIR: /Users/runner/hostedtoolcache/Python/3.13.15/x64
2026-10-10T13:08:44.5872430Z   Python3_ROOT_DIR: /Users/runner/hostedtoolcache/Python/3.13.15/x64
2026-10-10T13:08:44.5874950Z   DISKGRAPH_SCAN_DRIVER_FIXTURE: /Users/runner/work/diskgraph/diskgraph/target/debug/examples/scan_worker_driver_fixture
2026-10-10T13:08:44.5876900Z   DISKGRAPH_QUERY_DIAGNOSTICS: 1
2026-10-10T13:08:44.5877750Z ##[endgroup]
2026-10-10T13:08:45.2286390Z [1m[92m   Compiling[0m diskgraph-core v0.3.0 (/Users/runner/work/diskgraph/diskgraph/crates/diskgraph-core)
2026-10-10T13:08:45.3294630Z [1m[92m   Compiling[0m diskgraph-scan-worker v0.3.0 (/Users/runner/work/diskgraph/diskgraph/crates/diskgraph-scan-worker)
2026-10-10T13:08:48.9569430Z [1m[92m   Compiling[0m diskgraph-disktree v0.3.0 (/Users/runner/work/diskgraph/diskgraph/crates/diskgraph-disktree)
2026-10-10T13:08:48.9574400Z [1m[92m   Compiling[0m diskgraph-store v0.3.0 (/Users/runner/work/diskgraph/diskgraph/crates/diskgraph-store)
2026-10-10T13:08:48.9576690Z [1m[92m   Compiling[0m diskgraph-testkit v0.3.0 (/Users/runner/work/diskgraph/diskgraph/crates/diskgraph-testkit)
2026-10-10T13:08:53.2464770Z [1m[92m   Compiling[0m diskgraph-engine v0.3.0 (/Users/runner/work/diskgraph/diskgraph/crates/diskgraph-engine)
2026-10-10T13:08:59.7284660Z [1m[92m   Compiling[0m diskgraph-mcp v0.3.0 (/Users/runner/work/diskgraph/diskgraph/crates/diskgraph-mcp)
2026-10-10T13:09:08.4378220Z [1m[92m   Compiling[0m diskgraph-cli v0.3.0 (/Users/runner/work/diskgraph/diskgraph/crates/diskgraph-cli)
2026-10-10T13:10:05.4389880Z [1m[92m    Finished[0m `test` profile [unoptimized + debuginfo] target(s) in 1m 20s
2026-10-10T13:10:05.5706030Z [1m[92m     Running[0m unittests src/main.rs (target/debug/deps/diskgraph-5ca9394d3304aafd)
2026-10-10T13:10:05.5910070Z
2026-10-10T13:10:05.5920560Z running 94 tests
2026-10-10T13:10:05.5929050Z test cli_engine_host::tests::expired_original_startup_deadline_refuses_database_birth ... ok
2026-10-10T13:10:05.6852290Z diskgraph: recovery slot_stage=reservation failed
2026-10-10T13:10:05.6853710Z diskgraph: startup stage=recovery_reservation failed
2026-10-10T13:10:05.6873340Z test cli_engine_host::tests::invalid_user_domain_requires_attention_before_database_birth ... ok
2026-10-10T13:10:05.6886630Z diskgraph: startup stage=engine_initialization failed
2026-10-10T13:10:05.7031920Z test cli_engine_host::tests::database_construction_failure_aborts_only_original_prebirth_reservation ... ok
2026-10-10T13:10:05.7357720Z diskgraph: startup stage=recovery_reservation failed
2026-10-10T13:10:05.7441220Z test cli_engine_host::tests::occupied_user_domain_refuses_cli_before_database_birth ... ok
2026-10-10T13:10:05.8911290Z
2026-10-10T13:10:05.8915910Z thread 'cli_engine_host::tests::command_panic_preserves_original_payload_with_external_empty_recovery' (109579) panicked at crates/diskgraph-cli/src/cli_engine_host/tests.rs:40:13:
2026-10-10T13:10:05.8938670Z cli-original-payload
2026-10-10T13:10:05.8941720Z note: run with `RUST_BACKTRACE=1` environment variable to display a backtrace
2026-10-10T13:10:05.9137790Z test cli_engine_host::tests::admitted_cli_retires_original_engine_and_slot_after_command_error ... ok
2026-10-10T13:10:05.9562360Z test cli_engine_host::tests::late_startup_rejection_seals_original_registry ... ok
2026-10-10T13:10:05.9623600Z test cli_engine_host::tests::command_panic_preserves_original_payload_with_external_empty_recovery ... ok
2026-10-10T13:10:05.9677650Z test engine_error_cleanup_tests::cli_cleanup_does_not_classify_io_from_business_like_text ... ok
2026-10-10T13:10:05.9740760Z diskgraph: startup stage=recovery_reservation failed
2026-10-10T13:10:05.9834830Z test cli_engine_host::tests::unconfirmed_user_domain_refuses_cli_before_any_database_birth ... ok
2026-10-10T13:10:05.9839640Z test engine_error_cleanup_tests::cli_cleanup_keeps_business_codes_and_exit_codes ... ok
2026-10-10T13:10:05.9843150Z test engine_error_cleanup_tests::cli_cleanup_keeps_existing_store_failure_codes ... ok
2026-10-10T13:10:05.9844550Z test html::anonymize_tests::names_become_pseudonyms_but_sizes_survive ... ok
2026-10-10T13:10:05.9847070Z test html::anonymize_tests::pseudonyms_are_stable_across_calls ... ok
2026-10-10T13:10:05.9848180Z test html::tests::a_root_level_cut_gets_the_full_banner ... ok
2026-10-10T13:10:05.9849210Z test html::tests::categories_get_stable_colours_and_the_rest_stay_neutral ... ok
2026-10-10T13:10:05.9850180Z test html::tests::every_placeholder_is_filled ... ok
2026-10-10T13:10:05.9850990Z test html::tests::the_page_carries_the_tree_verbatim ... ok
2026-10-10T13:10:05.9852420Z test html::tests::the_page_is_self_contained_and_works_offline ... ok
2026-10-10T13:10:05.9853790Z test html::tests::truncation_is_read_from_the_tree_not_guessed_from_the_depth ... ok
2026-10-10T13:10:05.9855040Z test html::tests::untrusted_names_cannot_create_html_elements_or_end_the_data_script ... ok
2026-10-10T13:10:05.9857860Z test installer::tests::a_file_that_became_only_our_block_is_removed_entirely ... ok
2026-10-10T13:10:05.9899120Z test installer::tests::a_file_without_a_marker_gains_the_block_with_its_content_intact ... ok
2026-10-10T13:10:05.9951810Z test installer::tests::a_missing_file_is_created_holding_the_block ... ok
2026-10-10T13:10:05.9969880Z test installer::tests::a_second_identical_write_touches_nothing ... ok
2026-10-10T13:10:06.0039060Z test installer::tests::a_stale_block_is_replaced_rather_than_appended_a_second_time ... ok
2026-10-10T13:10:06.0063720Z test installer::tests::every_target_has_a_project_file_and_its_name_is_stable ... ok
2026-10-10T13:10:06.0067170Z test installer::tests::neither_body_asks_the_agent_to_change_or_delete_anything ... ok
2026-10-10T13:10:06.0108170Z test installer::tests::removal_takes_the_block_and_leaves_the_rest ... ok
2026-10-10T13:10:06.0137860Z test installer::tests::removing_from_a_file_we_never_wrote_is_a_no_op ... ok
2026-10-10T13:10:06.0156450Z test installer::tests::rewriting_replaces_only_our_block ... ok
2026-10-10T13:10:06.0160760Z test installer::tests::targets_parse_and_reject_what_they_do_not_know ... ok
2026-10-10T13:10:06.0163610Z test installer::tests::the_shipped_bodies_state_the_exit_condition ... ok
2026-10-10T13:10:06.0199680Z test installer::tests::writes_create_the_directory_they_need ... ok
2026-10-10T13:10:06.0728450Z diskgraph: /var/folders/20/jp1_0n3n7kndh6rnbqb5344m0000gn/T/.tmp6F98dB: permission_denied (exit 3)
2026-10-10T13:10:06.1789860Z test du_commands::tests::all_denied_paths_preserve_permission_error ... ok
2026-10-10T13:10:06.8839280Z diskgraph: startup stage=engine_initialization failed
2026-10-10T13:10:06.8842440Z test cli_engine_host::tests::startup_deadline_expiring_during_admission_refuses_database_birth ... ok
2026-10-10T13:10:07.1651300Z test query_terminal_tests::encoded_changes_refuses_terminal_scope_revocation ... ok
2026-10-10T13:10:07.5735670Z {"api_version":2,"coverage":null,"data":{"candidates":[],"complete":true,"coverage_complete":true,"coverage_observed":true,"remaining_bytes":"1","review_only":true,"selected_bytes":"0","truncated":null},"ok":true,"server_id":"srv-450c139e-6fee-4aef-95b7-ef82541fa68b","truncated":false,"warnings":[]}
2026-10-10T13:10:07.5795870Z test entry::entry_deadline_tests::slow_startup_does_not_spend_the_indexed_request_budget ... ok
2026-10-10T13:10:08.0648620Z test query_terminal_tests::encoded_changes_remembers_grant_revocation_even_if_restored ... ok
2026-10-10T13:10:08.5114790Z test query_terminal_tests::encoded_comparison_refuses_terminal_grant_revocation ... ok
2026-10-10T13:10:08.7627690Z test query_terminal_tests::encoded_comparison_remembers_grant_revocation_even_if_restored ... ok
2026-10-10T13:10:09.2448350Z test query_terminal_tests::encoded_growth_refuses_terminal_grant_revocation ... ok
2026-10-10T13:10:09.7017070Z test query_terminal_tests::encoded_growth_remembers_grant_revocation_even_if_restored ... ok
2026-10-10T13:10:09.8552910Z test query_terminal_tests::encoded_html_remembers_grant_revocation_even_if_restored ... ok
2026-10-10T13:10:10.3739620Z test query_terminal_tests::encoded_plan_remembers_grant_revocation_even_if_restored ... ok
2026-10-10T13:10:10.8776250Z test query_terminal_tests::encoded_relation_candidates_remembers_grant_revocation_even_if_restored ... ok
2026-10-10T13:10:10.9889380Z test query_terminal_tests::encoded_relation_explain_remembers_grant_revocation_even_if_restored ... ok
2026-10-10T13:10:11.4652600Z test query_terminal_tests::encoded_relation_impact_remembers_grant_revocation_even_if_restored ... ok
2026-10-10T13:10:12.0332500Z test query_terminal_tests::encoded_relation_related_remembers_grant_revocation_even_if_restored ... ok
2026-10-10T13:10:12.2470720Z test query_terminal_tests::encoded_tree_refuses_terminal_scope_revocation ... ok
2026-10-10T13:10:12.7378200Z test query_terminal_tests::comparison_summary_is_partial_when_encoded_terminal_authorization_expires ... ok
2026-10-10T13:10:12.8859470Z test query_terminal_tests::encoded_tree_remembers_grant_revocation_even_if_restored ... ok
2026-10-10T13:10:13.5805890Z test query_terminal_tests::encoded_verified_comparison_remembers_grant_revocation_even_if_restored ... ok
2026-10-10T13:10:13.6545970Z test recovery_round::tests::failed_seal_never_starts_drain ... ok
2026-10-10T13:10:13.6573510Z test recovery_round::tests::pending_scan_still_polls_probe_in_the_same_round ... ok
2026-10-10T13:10:13.6620380Z test recovery_round::tests::probe_error_is_not_hidden_by_pending_scan ... ok
2026-10-10T13:10:13.6646700Z test recovery_round::tests::probe_pending_or_error_cannot_be_reported_complete ... ok
2026-10-10T13:10:13.6666470Z test recovery_round::tests::scan_error_still_polls_probe_and_preserves_original_error ... ok
2026-10-10T13:10:13.6759180Z test query_terminal_tests::html_export_does_not_write_after_terminal_scope_revocation ... ok
2026-10-10T13:10:14.1485530Z test query_terminal_tests::tree_and_history_do_not_complete_after_the_dispatch_deadline ... ok
2026-10-10T13:10:14.7145490Z test scan_terminal_tests::synchronous_wait_reclaims_only_its_expired_job ... ok
2026-10-10T13:10:15.0250470Z test scan_terminal_tests::synchronous_wait_settles_only_its_expired_cancelled_or_revoked_job ... ok
2026-10-10T13:10:15.0419650Z tui_frame_phase deadline_ms=50 before_paint_us=Some(3721) total_us=240828 painted=true result=Ok(())
2026-10-10T13:10:15.0421580Z tui_authorizer_phase calls_first_last_us=(2, Some(3542), Some(236198))
2026-10-10T13:10:15.0441930Z test tui::deadline_frame_tests::expired_nested_frame_commits_parent_and_deadline_to_the_actual_backend ... ok
2026-10-10T13:10:15.1809350Z test scan_terminal_tests::waiting_for_another_owners_failed_job_is_not_success ... ok
2026-10-10T13:10:15.2879110Z test tui::deadline_frame_tests::expired_nested_frame_refuses_single_metadata_grant_revoked_during_paint ... ok
2026-10-10T13:10:15.2920020Z test tui::deadline_frame_tests::expired_nested_frame_refuses_scope_revoked_during_paint ... ok
2026-10-10T13:10:15.4235900Z test tui::deadline_frame_tests::initial_control_lock_is_refused_before_paint_or_owner_release ... ok
2026-10-10T13:10:15.4982680Z test tui::deadline_frame_tests::navigation_control_lock_cannot_wait_beyond_its_original_read_deadline ... ok
2026-10-10T13:10:15.5449400Z test tui::deadline_frame_tests::generic_authorized_reader_still_refuses_an_expired_complete_success ... ok
2026-10-10T13:10:15.5875160Z test tui::deadline_frame_tests::navigation_control_lock_is_refused_before_returning_a_layer_or_owner_release ... ok
2026-10-10T13:10:15.6354620Z test tui::deadline_frame_tests::expired_partial_frame_cannot_renew_a_slow_terminal_authorization ... ok
2026-10-10T13:10:15.6710530Z test tui::deadline_frame_tests::real_store_error_during_paint_never_applies_a_partial_frame ... ok
2026-10-10T13:10:15.7047700Z test tui::deadline_frame_tests::terminal_control_lock_is_refused_before_its_owner_releases_it ... ok
2026-10-10T13:10:16.0033830Z
2026-10-10T13:10:16.0035220Z test tui::input_budget_tests::initial_frame_authorization_expiry_never_applies_cached_data ... ok
2026-10-10T13:10:16.0037350Z running 1 test
2026-10-10T13:10:16.0039500Z test tui::input_budget_tests::initial_frame_authorization_expiry_never_applies_cached_data ... large_header=false, whole_frame_rust_bytes=737, painted=false, elapsed_us=263474, actual=Err(Business(BudgetExceeded))
2026-10-10T13:10:16.0042480Z ok
2026-10-10T13:10:16.0043740Z
2026-10-10T13:10:16.0045380Z test result: ok. 1 passed; 0 failed; 0 ignored; 0 measured; 93 filtered out; finished in 0.35s
2026-10-10T13:10:16.0047170Z
2026-10-10T13:10:16.0048240Z
2026-10-10T13:10:16.4597100Z
2026-10-10T13:10:16.4598430Z test tui::input_budget_tests::navigation_does_not_own_large_unneeded_measured_metadata ... ok
2026-10-10T13:10:16.4600460Z running 1 test
2026-10-10T13:10:16.4603650Z test tui::input_budget_tests::navigation_does_not_own_large_unneeded_measured_metadata ... known_size=true, navigation_requested_rust_bytes=5026
2026-10-10T13:10:16.4606760Z ok
2026-10-10T13:10:16.4608110Z
2026-10-10T13:10:16.4609650Z test result: ok. 1 passed; 0 failed; 0 ignored; 0 measured; 93 filtered out; finished in 0.74s
2026-10-10T13:10:16.4611630Z
2026-10-10T13:10:16.4612420Z
2026-10-10T13:10:16.5359030Z
2026-10-10T13:10:16.5359880Z test tui::input_budget_tests::navigation_admits_large_legacy_json_before_owned_decoding ... ok
2026-10-10T13:10:16.5362060Z running 1 test
2026-10-10T13:10:16.5363810Z test tui::input_budget_tests::navigation_admits_large_legacy_json_before_owned_decoding ... known_size=false, navigation_requested_rust_bytes=3810
2026-10-10T13:10:16.5366250Z ok
2026-10-10T13:10:16.5367090Z
2026-10-10T13:10:16.5368760Z test result: ok. 1 passed; 0 failed; 0 ignored; 0 measured; 93 filtered out; finished in 0.85s
2026-10-10T13:10:16.5370570Z
2026-10-10T13:10:16.5371670Z
2026-10-10T13:10:16.7363580Z
2026-10-10T13:10:16.7367890Z test tui::input_budget_tests::ordinary_revision_target_preserves_real_navigation_and_frame ... ok
2026-10-10T13:10:16.7374330Z running 1 test
2026-10-10T13:10:16.7381180Z test tui::input_budget_tests::ordinary_revision_target_preserves_real_navigation_and_frame ... large_header=false, whole_navigation_rust_bytes=5026
2026-10-10T13:10:16.7383830Z large_header=false, whole_frame_rust_bytes=89224, painted=true, elapsed_us=6106, actual=Ok(())
2026-10-10T13:10:16.7389150Z ok
2026-10-10T13:10:16.7392190Z
2026-10-10T13:10:16.7394270Z test result: ok. 1 passed; 0 failed; 0 ignored; 0 measured; 93 filtered out; finished in 0.18s
2026-10-10T13:10:16.7396380Z
2026-10-10T13:10:16.7397180Z
2026-10-10T13:10:16.8444320Z
2026-10-10T13:10:16.8448200Z test tui::input_budget_tests::nested_frame_admits_large_legacy_json_before_owned_decoding ... ok
2026-10-10T13:10:16.8453080Z running 1 test
2026-10-10T13:10:16.9037220Z test tui::input_budget_tests::nested_frame_admits_large_legacy_json_before_owned_decoding ... known_size=false, nested_requested_rust_bytes=342
2026-10-10T13:10:16.9108150Z ok
2026-10-10T13:10:16.9133480Z
2026-10-10T13:10:16.9148100Z test result: ok. 1 passed; 0 failed; 0 ignored; 0 measured; 93 filtered out; finished in 0.82s
2026-10-10T13:10:16.9168150Z
2026-10-10T13:10:16.9189530Z
2026-10-10T13:10:17.5016400Z
2026-10-10T13:10:17.5021680Z test tui::input_budget_tests::nested_frame_does_not_own_large_unneeded_measured_metadata ... ok
2026-10-10T13:10:17.5042190Z running 1 test
2026-10-10T13:10:17.5052450Z test tui::tests::a_smaller_share_always_renders_darker ... ok
2026-10-10T13:10:17.5078140Z test tui::input_budget_tests::nested_frame_does_not_own_large_unneeded_measured_metadata ... known_size=true, nested_requested_rust_bytes=1675
2026-10-10T13:10:17.5085070Z test tui::tests::an_empty_layer_selects_nothing_rather_than_panicking ... ok
2026-10-10T13:10:17.5090070Z ok
2026-10-10T13:10:17.5100790Z test tui::tests::anonymize_off_leaves_names_alone ... ok
2026-10-10T13:10:17.5111740Z
2026-10-10T13:10:17.5114520Z test tui::tests::anonymize_replaces_every_name_but_keeps_the_numbers ... ok
2026-10-10T13:10:17.5123020Z test result: ok. 1 passed; 0 failed; 0 ignored; 0 measured; 93 filtered out; finished in 1.02s
2026-10-10T13:10:17.5125120Z test tui::tests::anonymized_nodes_keep_their_labels_when_a_page_is_revisited ... ok
2026-10-10T13:10:17.5132800Z
2026-10-10T13:10:17.5133400Z test tui::tests::colours_come_from_the_shared_palette ... ok
2026-10-10T13:10:17.5142580Z
2026-10-10T13:10:17.5142980Z test tui::tests::labels_are_cut_to_the_cell_rather_than_wrapped ... ok
2026-10-10T13:10:18.3698570Z
2026-10-10T13:10:18.3699950Z test tui::input_budget_tests::whole_frame_admits_required_revision_target_before_painting ... ok
2026-10-10T13:10:18.3702810Z running 1 test
2026-10-10T13:10:18.3703680Z test tui::tests::selection_stays_inside_the_layer ... ok
2026-10-10T13:10:18.3708820Z test tui::input_budget_tests::whole_frame_admits_required_revision_target_before_painting ... large_header=true, whole_frame_rust_bytes=3106, painted=false, elapsed_us=4545, actual=Err(Store(BudgetExceeded))
2026-10-10T13:10:18.3710770Z test tui::tests::sorting_by_size_and_by_name_reorders_without_losing_entries ... ok
2026-10-10T13:10:18.3711560Z ok
2026-10-10T13:10:18.3711750Z
2026-10-10T13:10:18.3712210Z test result: ok. 1 passed; 0 failed; 0 ignored; 0 measured; 93 filtered out; finished in 1.61s
2026-10-10T13:10:18.3712890Z
2026-10-10T13:10:18.3712900Z
2026-10-10T13:10:18.3713200Z test tui::tests::the_browser_always_has_a_root_to_draw ... ok
2026-10-10T13:10:18.3714020Z test tui::tests::the_threshold_hides_slivers_and_says_how_many ... ok
2026-10-10T13:10:18.3714990Z test tui::tests::wide_directory_can_navigate_bounded_pages_without_losing_parent ... ok
2026-10-10T13:10:18.4144080Z
2026-10-10T13:10:18.4144500Z running 1 test
2026-10-10T13:10:18.4145870Z test tui::input_budget_tests::whole_navigation_admits_required_revision_target_before_owning_it ... large_header=true, whole_navigation_rust_bytes=3458
2026-10-10T13:10:18.4147130Z ok
2026-10-10T13:10:18.4147320Z
2026-10-10T13:10:18.4147800Z test result: ok. 1 passed; 0 failed; 0 ignored; 0 measured; 93 filtered out; finished in 1.55s
2026-10-10T13:10:18.4148500Z
2026-10-10T13:10:18.4148510Z
2026-10-10T13:10:18.4149080Z test tui::input_budget_tests::whole_navigation_admits_required_revision_target_before_owning_it ... ok
2026-10-10T13:10:19.1684930Z native recovery incomplete; original supervisor retains ownership
2026-10-10T13:10:19.2995470Z test tui::tests::nested_frame_limits_queries_and_keeps_navigation_visible ... ok
2026-10-10T13:10:19.6826310Z test query_terminal_tests::plan_cannot_escape_as_usable_steps_when_encoding_terminal_authorization_expires ... ok
2026-10-10T13:10:19.6914930Z [1m[92m     Running[0m tests/cli_flow.rs (target/debug/deps/cli_flow-a6a3dae8d120da12)
2026-10-10T13:10:19.6916040Z
2026-10-10T13:10:19.6922250Z test result: ok. 94 passed; 0 failed; 0 ignored; 0 measured; 0 filtered out; finished in 14.09s
2026-10-10T13:10:19.6943730Z
2026-10-10T13:10:19.7237650Z
2026-10-10T13:10:19.7244880Z running 16 tests
2026-10-10T13:10:21.9234620Z CLI_FIXTURE_FAILURE args=["install", "add", "--client", "unknown-client", "--config", "/var/folders/20/jp1_0n3n7kndh6rnbqb5344m0000gn/T/diskgraph-cli-di-tCEcSw/mcp.json", "--apply-config"] status=exit status: 10
2026-10-10T13:10:21.9240620Z stdout: {"api_version":2,"coverage":null,"error":{"code":"internal_error","exit_code":10,"message":"invalid graph: client unknown-client is not supported by this build"},"ok":false,"truncated":false,"warnings":[]}
2026-10-10T13:10:21.9242430Z test doctor_and_install_are_delivered_and_stay_reversible ... ok
2026-10-10T13:10:21.9244520Z
2026-10-10T13:10:21.9245270Z stderr:
2026-10-10T13:10:23.0350410Z CLI_FIXTURE_FAILURE args=["--principal", "bob", "search", "--scope", "scope-0b1be8ec-93af-4a80-bc4d-cdb4137fa0f5", "--pattern", ".txt", "--limit", "1", "--cursor", "eyJ2ZXJzaW9uIjoyLCJiaW5kaW5nIjp7InByaW5jaXBhbF9iaW5kaW5nIjoibG9jYWwtdXNlciIsInNjb3BlX2lkIjoic2NvcGUtMGIxYmU4ZWMtOTNhZi00YTgwLWJjNGQtY2RiNDEzN2ZhMGY1IiwicmV2aXNpb25faWQiOiJyZXYtam9iLWNjMTU4ZTc1LTg1NmItNGViMS1iNDZjLWQ5NTI2MDY0ZDI2MC0xIiwiZmlsdGVyX2JpbmRpbmciOiJwYXR0ZXJuOi50eHQiLCJzb3J0X2JpbmRpbmciOiJuYW1lX2FzYyxpZF9hc2Msa2V5c2V0X3YyIiwicG9saWN5X3ZlcnNpb24iOjEsIm9mZnNldCI6MX0sImxhc3RfbmFtZSI6ImFscGhhLnR4dCIsImxhc3RfaWQiOjJ9"] status=exit status: 2
2026-10-10T13:10:23.1348730Z stdout: {"api_version":2,"coverage":null,"error":{"code":"invalid_argument","exit_code":2,"message":"invalid_argument (exit 2)"},"ok":false,"truncated":false,"warnings":[]}
2026-10-10T13:10:23.2352100Z
2026-10-10T13:10:23.2352800Z test children_reports_unknown_sizes_and_honours_filters ... ok
2026-10-10T13:10:23.3354150Z stderr:
2026-10-10T13:10:23.3354920Z test du_reports_missing_paths_and_still_measures_the_rest ... ok
2026-10-10T13:10:23.3974210Z CLI_FIXTURE_FAILURE args=["children", "--scope", "scope-5bb308d9-fb75-499f-b286-51386afb77b1", "--min-bytes", "1", "--unknown-only"] status=exit status: 2
2026-10-10T13:10:23.3990370Z stdout: {"api_version":2,"coverage":null,"error":{"code":"invalid_argument","exit_code":2,"message":"invalid_argument (exit 2)"},"ok":false,"truncated":false,"warnings":[]}
2026-10-10T13:10:23.4044930Z
2026-10-10T13:10:23.4056950Z stderr:
2026-10-10T13:10:24.4061300Z CLI_FIXTURE_FAILURE args=["changes", "--scope", "scope-b18f821c-e915-493e-9110-85476324152c", "--before", "rev-job-b0be2d08-e39d-4697-86e8-f7f82325208e-1", "--after", "rev-job-5d6520fa-5932-4689-928e-3270cadda714-1"] status=exit status: 3
2026-10-10T13:10:24.4484750Z stdout: {"api_version":2,"coverage":null,"error":{"code":"permission_denied","exit_code":3,"message":"permission_denied (exit 3)"},"ok":false,"truncated":false,"warnings":[]}
2026-10-10T13:10:24.4526800Z
2026-10-10T13:10:24.4536220Z stderr:
2026-10-10T13:10:24.5050500Z CLI_FIXTURE_FAILURE args=["search", "--scope", "scope-0b1be8ec-93af-4a80-bc4d-cdb4137fa0f5", "--pattern", ".txt", "--limit", "1", "--cursor", "eyJ2ZXJzaW9uIjoyLCJiaW5kaW5nIjp7InByaW5jaXBhbF9iaW5kaW5nIjoibG9jYWwtdXNlciIsInNjb3BlX2lkIjoic2NvcGUtMGIxYmU4ZWMtOTNhZi00YTgwLWJjNGQtY2RiNDEzN2ZhMGY1IiwicmV2aXNpb25faWQiOiJyZXYtam9iLWNjMTU4ZTc1LTg1NmItNGViMS1iNDZjLWQ5NTI2MDY0ZDI2MC0xIiwiZmlsdGVyX2JpbmRpbmciOiJwYXR0ZXJuOi50eHQiLCJzb3J0X2JpbmRpbmciOiJuYW1lX2FzYyxpZF9hc2Msa2V5c2V0X3YyIiwicG9saWN5X3ZlcnNpb24iOjEsIm9mZnNldCI6MX0sImxhc3RfbmFtZSI6ImFscGhhLnR4dCIsImxhc3RfaWQiOjJ9"] status=exit status: 2
2026-10-10T13:10:24.5498980Z stdout: {"api_version":2,"coverage":null,"error":{"code":"invalid_argument","exit_code":2,"message":"invalid_argument (exit 2)"},"ok":false,"truncated":false,"warnings":[]}
2026-10-10T13:10:24.5786860Z
2026-10-10T13:10:24.5836530Z stderr:
2026-10-10T13:10:25.3649440Z CLI_FIXTURE_FAILURE args=["growth", "--scope", "scope-b18f821c-e915-493e-9110-85476324152c", "--before", "rev-job-b0be2d08-e39d-4697-86e8-f7f82325208e-1", "--after", "rev-job-5d6520fa-5932-4689-928e-3270cadda714-1"] status=exit status: 3
2026-10-10T13:10:25.4653540Z stdout: {"api_version":2,"coverage":null,"error":{"code":"permission_denied","exit_code":3,"message":"permission_denied (exit 3)"},"ok":false,"truncated":false,"warnings":[]}
2026-10-10T13:10:25.4873770Z
2026-10-10T13:10:25.4875350Z stderr:
2026-10-10T13:10:25.9437570Z test cursors_bind_principal_and_policy_epoch ... ok
2026-10-10T13:10:26.6639350Z test du_summarizes_multiple_paths_like_du_sh ... ok
2026-10-10T13:10:26.8414040Z test changes_and_growth_refuse_incomparable_revisions_honestly ... ok
2026-10-10T13:10:29.9692250Z CLI_FIXTURE_FAILURE args=["index", "--scope", "scope-94429974-bbb2-4970-a2be-b94a82e38220"] status=exit status: 9
2026-10-10T13:10:29.9693350Z test scope_add_is_idempotent_and_remove_revokes ... ok
2026-10-10T13:10:30.0694100Z stdout: {"api_version":2,"coverage":null,"error":{"code":"conflict","exit_code":9,"message":"conflict: scope scope-94429974-bbb2-4970-a2be-b94a82e38220 is revoked"},"ok":false,"truncated":false,"warnings":[]}
2026-10-10T13:10:30.1693690Z
2026-10-10T13:10:30.2696310Z stderr:
2026-10-10T13:10:30.4792060Z CLI_FIXTURE_FAILURE args=["children", "--scope", "scope-b65c8a64-b65f-4aaf-8397-622180dec9b1"] status=exit status: 3
2026-10-10T13:10:30.5795370Z stdout: {"api_version":2,"coverage":null,"error":{"code":"permission_denied","exit_code":3,"message":"permission_denied (exit 3)"},"ok":false,"truncated":false,"warnings":[]}
2026-10-10T13:10:30.6798190Z
2026-10-10T13:10:30.7800050Z stderr:
2026-10-10T13:10:30.9202170Z CLI_FIXTURE_FAILURE args=["node", "--scope", "scope-does-not-exist"] status=exit status: 4
2026-10-10T13:10:30.9572390Z stdout: {"api_version":2,"coverage":null,"error":{"code":"not_found","exit_code":4,"message":"scope not found: scope-does-not-exist"},"ok":false,"truncated":false,"warnings":[]}
2026-10-10T13:10:30.9602630Z
2026-10-10T13:10:30.9624080Z stderr:
2026-10-10T13:10:31.6483790Z CLI_FIXTURE_FAILURE args=["status", "--job", "job-none"] status=exit status: 4
2026-10-10T13:10:31.6484710Z test full_readonly_flow_with_business_exit_codes ... ok
2026-10-10T13:10:31.7490090Z stdout: {"api_version":2,"coverage":null,"error":{"code":"not_found","exit_code":4,"message":"job not found: job-none"},"ok":false,"truncated":false,"warnings":[]}
2026-10-10T13:10:31.7491710Z test serve_accepts_remote_authentication_configuration_before_dispatch ... ok
2026-10-10T13:10:31.8953000Z
2026-10-10T13:10:31.9952770Z stderr:
2026-10-10T13:10:32.0354200Z CLI_FIXTURE_FAILURE args=["serve", "--transport", "streamable-http", "--auth", "issuer", "audience", "fixture-key", "--profile", "invalid-profile"] status=exit status: 2
2026-10-10T13:10:32.0588440Z stdout: {"api_version":2,"coverage":null,"error":{"code":"invalid_argument","exit_code":2,"message":"invalid_argument (exit 2)"},"ok":false,"truncated":false,"warnings":[]}
2026-10-10T13:10:32.0597750Z
2026-10-10T13:10:32.0605190Z stderr:
2026-10-10T13:10:32.0948730Z test policy_revocation_denies_everything_until_republish ... ok
2026-10-10T13:10:32.6510260Z test positive_candidate_cli_does_not_decode_an_unrelated_corrupt_node ... ok
2026-10-10T13:10:33.7520610Z CLI_FIXTURE_FAILURE args=["--max-nodes-per-scan", "100", "index", "--scope", "scope-5caf1518-4b91-4081-af15-6e36966280c7", "--wait"] status=exit status: 7
2026-10-10T13:10:33.8524920Z stdout: {"api_version":2,"coverage":null,"error":{"code":"budget_exceeded","exit_code":7,"message":"budget_exceeded (exit 7)"},"ok":false,"truncated":false,"warnings":[]}
2026-10-10T13:10:33.8926810Z
2026-10-10T13:10:33.8928170Z stderr:
2026-10-10T13:10:33.9224570Z CLI_FIXTURE_FAILURE args=["search", "--scope", "scope-5ce0a240-bb3e-4edd-9bd2-7221422f1385", "--pattern", "Cargo", "--limit", "1", "--cursor", "eyJ2ZXJzaW9uIjoyLCJiaW5kaW5nIjp7InByaW5jaXBhbF9iaW5kaW5nIjoibG9jYWwtdXNlciIsInNjb3BlX2lkIjoic2NvcGUtNWNlMGEyNDAtYmIzZS00ZWRkLTliZDItNzIyMTQyMmYxMzg1IiwicmV2aXNpb25faWQiOiJyZXYtam9iLTQwNjljYmQyLTJkNWYtNDQ1NC1iMTk1LTc4MGNiNGJhOGY4Ni0xIiwiZmlsdGVyX2JpbmRpbmciOiJwYXR0ZXJuOnQiLCJzb3J0X2JpbmRpbmciOiJuYW1lX2FzYyxpZF9hc2Msa2V5c2V0X3YyIiwicG9saWN5X3ZlcnNpb24iOjEsIm9mZnNldCI6MX0sImxhc3RfbmFtZSI6IkNhcmdvLnRvbWwiLCJsYXN0X2lkIjoyfQ"] status=exit status: 2
2026-10-10T13:10:34.0220520Z stdout: {"api_version":2,"coverage":null,"error":{"code":"invalid_argument","exit_code":2,"message":"invalid_argument (exit 2)"},"ok":false,"truncated":false,"warnings":[]}
2026-10-10T13:10:34.0557450Z
2026-10-10T13:10:34.0573970Z stderr:
2026-10-10T13:10:34.1997890Z CLI_FIXTURE_FAILURE args=["node", "--scope", "scope-5caf1518-4b91-4081-af15-6e36966280c7"] status=exit status: 4
2026-10-10T13:10:34.2000870Z stdout: {"api_version":2,"coverage":null,"error":{"code":"not_indexed","exit_code":4,"message":"not_indexed (exit 4)"},"ok":false,"truncated":false,"warnings":[]}
2026-10-10T13:10:34.2003110Z
2026-10-10T13:10:34.2004340Z stderr:
2026-10-10T13:10:34.2088580Z test synchronous_budget_failure_never_returns_a_success_envelope ... ok
2026-10-10T13:10:34.3761810Z CLI_FIXTURE_FAILURE args=["search", "--scope", "scope-5ce0a240-bb3e-4edd-9bd2-7221422f1385", "--pattern", "t", "--cursor", "!!!bogus!!!"] status=exit status: 2
2026-10-10T13:10:34.3763920Z stdout: {"api_version":2,"coverage":null,"error":{"code":"invalid_argument","exit_code":2,"message":"invalid_argument (exit 2)"},"ok":false,"truncated":false,"warnings":[]}
2026-10-10T13:10:34.3765740Z
2026-10-10T13:10:34.3765910Z stderr:
2026-10-10T13:10:34.7337270Z CLI_FIXTURE_FAILURE args=["duplicates"] status=exit status: 6
2026-10-10T13:10:34.7749750Z stdout: {"api_version":2,"coverage":null,"error":{"code":"unsupported","exit_code":6,"message":"unsupported (exit 6)"},"ok":false,"truncated":false,"warnings":[]}
2026-10-10T13:10:34.7751930Z
2026-10-10T13:10:34.7753070Z stderr: C17 is not enabled in this read-only build (planned for P7)
2026-10-10T13:10:34.7754370Z
2026-10-10T13:10:35.3145360Z CLI_FIXTURE_FAILURE args=["read", "--scope", "scope-1"] status=exit status: 6
2026-10-10T13:10:35.3149630Z stdout: {"api_version":2,"coverage":null,"error":{"code":"unsupported","exit_code":6,"message":"unsupported (exit 6)"},"ok":false,"truncated":false,"warnings":[]}
2026-10-10T13:10:35.3206040Z
2026-10-10T13:10:35.3217030Z stderr: C18 is not enabled in this read-only build (planned for P7)
2026-10-10T13:10:35.3232820Z
2026-10-10T13:10:35.5250880Z test search_explore_and_impact_report_bounded_results ... ok
2026-10-10T13:10:35.8240560Z CLI_FIXTURE_FAILURE args=["move", "--scope", "scope-1"] status=exit status: 6
2026-10-10T13:10:35.8253160Z stdout: {"api_version":2,"coverage":null,"error":{"code":"unsupported","exit_code":6,"message":"unsupported (exit 6)"},"ok":false,"truncated":false,"warnings":[]}
2026-10-10T13:10:35.8298880Z
2026-10-10T13:10:35.8308960Z stderr: C19 is not enabled in this read-only build (planned for P5)
2026-10-10T13:10:35.8353550Z
2026-10-10T13:10:36.5201300Z CLI_FIXTURE_FAILURE args=["trash", "--scope", "scope-1"] status=exit status: 6
2026-10-10T13:10:36.6215400Z stdout: {"api_version":2,"coverage":null,"error":{"code":"unsupported","exit_code":6,"message":"unsupported (exit 6)"},"ok":false,"truncated":false,"warnings":[]}
2026-10-10T13:10:36.6430940Z
2026-10-10T13:10:36.7432890Z stderr: C21 is not enabled in this read-only build (planned for P5)
2026-10-10T13:10:36.8017150Z
2026-10-10T13:10:37.1965000Z CLI_FIXTURE_FAILURE args=["purge", "--scope", "scope-1"] status=exit status: 6
2026-10-10T13:10:37.2346730Z stdout: {"api_version":2,"coverage":null,"error":{"code":"unsupported","exit_code":6,"message":"unsupported (exit 6)"},"ok":false,"truncated":false,"warnings":[]}
2026-10-10T13:10:37.2382030Z
2026-10-10T13:10:37.2399330Z stderr: C23 is not enabled in this read-only build (planned for P6)
2026-10-10T13:10:37.2408050Z
2026-10-10T13:10:37.7218440Z CLI_FIXTURE_FAILURE args=["apply", "--scope", "scope-1"] status=exit status: 6
2026-10-10T13:10:37.7227750Z stdout: {"api_version":2,"coverage":null,"error":{"code":"unsupported","exit_code":6,"message":"unsupported (exit 6)"},"ok":false,"truncated":false,"warnings":[]}
2026-10-10T13:10:37.7229580Z test unimplemented_families_report_unsupported_not_unknown_command ... ok
2026-10-10T13:10:37.7231770Z
2026-10-10T13:10:37.7233320Z stderr: C25 is not enabled in this read-only build (planned for P5)
2026-10-10T13:10:37.7235280Z
2026-10-10T13:10:38.2655020Z test top_growth_changes_report_bounded_and_honest_results ... ok
2026-10-10T13:10:38.7059880Z test snapshots_prune_previews_then_removes_only_old_history ... ok
2026-10-10T13:10:38.7061020Z
2026-10-10T13:10:38.7062620Z test result: ok. 16 passed; 0 failed; 0 ignored; 0 measured; 0 filtered out; finished in 19.00s
2026-10-10T13:10:38.7063350Z
2026-10-10T13:10:38.7065060Z [1m[92m     Running[0m tests/controlled_environment.rs (target/debug/deps/controlled_environment-38b2bd339a835d9a)
2026-10-10T13:10:38.7190320Z
2026-10-10T13:10:38.7197180Z running 3 tests
2026-10-10T13:10:40.3458280Z test the_engine_reports_its_own_capabilities_without_probing_system_tools ... ok
2026-10-10T13:10:41.3211100Z test a_fresh_process_reuses_the_persisted_index ... ok
2026-10-10T13:10:43.9624120Z test indexing_and_queries_work_with_no_system_utilities_on_path ... ok
2026-10-10T13:10:43.9635000Z [1m[92m     Running[0m tests/entry_source_layout.rs (target/debug/deps/entry_source_layout-38ddb57cfe039eb4)
2026-10-10T13:10:43.9635810Z
2026-10-10T13:10:43.9641450Z test result: ok. 3 passed; 0 failed; 0 ignored; 0 measured; 0 filtered out; finished in 5.24s
2026-10-10T13:10:43.9657520Z
2026-10-10T13:10:43.9787220Z
2026-10-10T13:10:43.9818020Z running 2 tests
2026-10-10T13:10:43.9828090Z test gate_rejects_inline_objects_stubs_wildcards_and_hidden_production_paths ... ok
2026-10-10T13:10:44.0746530Z test cli_entry_and_its_business_modules_have_real_single_object_responsibilities ... ok
2026-10-10T13:10:44.0807280Z [1m[92m     Running[0m tests/git_evidence_flow.rs (target/debug/deps/git_evidence_flow-1d90e14f441dbeb9)
2026-10-10T13:10:44.0808090Z
2026-10-10T13:10:44.0811380Z test result: ok. 2 passed; 0 failed; 0 ignored; 0 measured; 0 filtered out; finished in 0.10s
2026-10-10T13:10:44.0813320Z
2026-10-10T13:10:44.0992050Z
2026-10-10T13:10:44.1002760Z running 11 tests
2026-10-10T13:10:47.7742980Z test explicit_git_sync_queues_a_durable_job_without_publishing_during_enqueue ... ok
2026-10-10T13:10:47.8575160Z test explicit_git_sync_without_content_read_is_business_denied_before_enqueue ... ok
2026-10-10T13:10:48.9906820Z test cli_git_status_denies_a_principal_without_operation_view_on_the_actual_scope ... ok
2026-10-10T13:10:49.4209620Z test explicit_git_sync_wait_uses_the_persisted_publication_revision ... ok
2026-10-10T13:10:52.4805030Z test git_wait_diagnostic::tests::posterior_without_git_job_reports_absence_and_the_real_base_latest ... ok
2026-10-10T13:10:52.9691100Z test git_wait_diagnostic::tests::posterior_failed_reports_only_the_real_persisted_safe_failure ... ok
2026-10-10T13:10:53.2692150Z test git_wait_diagnostic::tests::posterior_completed_reads_the_real_receipt_and_new_owner_latest ... ok
2026-10-10T13:10:53.3332570Z test git_wait_diagnostic::tests::posterior_queued_and_running_reads_the_actual_claimed_fence ... ok
2026-10-10T13:10:55.5185480Z test reopened_cli_status_reports_only_the_persisted_safe_git_failure ... ok
2026-10-10T13:10:55.8311050Z test repeated_git_sync_reports_the_actual_running_merged_job ... ok
2026-10-10T13:10:56.1122350Z test sync_without_collector_still_scans_and_waits_without_content_read ... ok
2026-10-10T13:10:56.1124070Z
2026-10-10T13:10:56.1124640Z test result: ok. 11 passed; 0 failed; 0 ignored; 0 measured; 0 filtered out; finished in 12.02s
2026-10-10T13:10:56.1125330Z
2026-10-10T13:10:56.1130880Z [1m[92m     Running[0m tests/git_sync_arguments.rs (target/debug/deps/git_sync_arguments-b37fecedcbf27a98)
2026-10-10T13:10:56.1250880Z
2026-10-10T13:10:56.1251410Z running 4 tests
2026-10-10T13:10:56.1469100Z test git_sync_rejects_zero_and_negative_node_identifiers_before_opening_the_engine ... ok
2026-10-10T13:10:56.1619110Z test scan_sync_rejects_collector_target_fields_without_a_collector ... ok
2026-10-10T13:10:56.1620180Z test git_collector_requires_both_revision_and_node_before_opening_the_engine ... ok
2026-10-10T13:10:56.1931370Z test git_sync_rejects_unknown_collectors_and_arbitrary_execution_inputs ... ok
2026-10-10T13:10:56.1932210Z
2026-10-10T13:10:56.1932700Z test result: ok. 4 passed; 0 failed; 0 ignored; 0 measured; 0 filtered out; finished in 0.07s
2026-10-10T13:10:56.1933410Z
2026-10-10T13:10:56.1934180Z [1m[92m     Running[0m tests/history_budget.rs (target/debug/deps/history_budget-6e9647bc4dc7bba5)
2026-10-10T13:10:56.2062470Z
2026-10-10T13:10:56.2063440Z running 2 tests
2026-10-10T13:10:58.3880850Z test history_decode_failure_keeps_a_bounded_business_error_envelope ... ok
2026-10-10T13:10:58.6283740Z test comparison_fits_the_complete_cli_envelope_and_reports_partial ... ok
2026-10-10T13:10:58.6284390Z
2026-10-10T13:10:58.6284870Z test result: ok. 2 passed; 0 failed; 0 ignored; 0 measured; 0 filtered out; finished in 2.42s
2026-10-10T13:10:58.6286160Z
2026-10-10T13:10:58.6287470Z [1m[92m     Running[0m tests/process_evidence_flow.rs (target/debug/deps/process_evidence_flow-720f3a80cd6c078c)
2026-10-10T13:10:58.6436990Z
2026-10-10T13:10:58.6437410Z running 2 tests
2026-10-10T13:11:00.9272690Z test unqualified_native_epoch_is_unsupported_and_does_not_enqueue_or_rescan ... ok
2026-10-10T13:11:02.0553020Z test existing_scan_and_git_controls_still_work_and_unknown_collectors_do_not_enqueue ... ok
2026-10-10T13:11:02.0709010Z [1m[92m     Running[0m tests/relation_budget.rs (target/debug/deps/relation_budget-34208ec42b3401f2)
2026-10-10T13:11:02.0709770Z
2026-10-10T13:11:02.0743650Z test result: ok. 2 passed; 0 failed; 0 ignored; 0 measured; 0 filtered out; finished in 3.41s
2026-10-10T13:11:02.0744920Z
2026-10-10T13:11:02.0745560Z
2026-10-10T13:11:02.0748270Z running 2 tests
2026-10-10T13:11:04.1647990Z test impact_does_not_decode_an_unrelated_corrupt_relation ... ok
2026-10-10T13:11:04.4780770Z test impact_refuses_a_scope_hint_that_does_not_own_the_revision ... ok
2026-10-10T13:11:04.4781370Z
2026-10-10T13:11:04.4782120Z test result: ok. 2 passed; 0 failed; 0 ignored; 0 measured; 0 filtered out; finished in 2.41s
2026-10-10T13:11:04.4782810Z
2026-10-10T13:11:04.4784450Z [1m[92m     Running[0m tests/scan_worker_binary_config.rs (target/debug/deps/scan_worker_binary_config-9eded3d82b2cbf4f)
2026-10-10T13:11:04.4919030Z
2026-10-10T13:11:04.4923190Z running 4 tests
2026-10-10T13:11:04.5040990Z test ordinary_held_image_with_valid_digest_but_wrong_length_is_rejected ... ok
2026-10-10T13:11:04.5042050Z test complete_scan_worker_environment_with_invalid_digest_is_rejected ... ok
2026-10-10T13:11:04.5043070Z test ordinary_environment_cannot_replace_root_installed_macos_host ... ok
2026-10-10T13:11:04.5546160Z test partial_scan_worker_environment_is_rejected_before_engine_open ... ok
2026-10-10T13:11:04.5546800Z
2026-10-10T13:11:04.5547280Z test result: ok. 4 passed; 0 failed; 0 ignored; 0 measured; 0 filtered out; finished in 0.06s
2026-10-10T13:11:04.5547940Z
2026-10-10T13:11:04.5548880Z [1m[92m     Running[0m tests/scan_worker_host_lifecycle.rs (target/debug/deps/scan_worker_host_lifecycle-60adb33d82253bda)
2026-10-10T13:11:04.5668780Z
2026-10-10T13:11:04.5669500Z running 1 test
2026-10-10T13:11:04.5795010Z test ordinary_image_material_follows_the_platform_admission_contract ... ok
2026-10-10T13:11:04.5798110Z [1m[92m     Running[0m tests/serve_remote_startup.rs (target/debug/deps/serve_remote_startup-f7faf6894518291d)
2026-10-10T13:11:04.5798960Z
2026-10-10T13:11:04.5799490Z test result: ok. 1 passed; 0 failed; 0 ignored; 0 measured; 0 filtered out; finished in 0.01s
2026-10-10T13:11:04.5800230Z
2026-10-10T13:11:04.5921730Z
2026-10-10T13:11:04.5922510Z running 2 tests
2026-10-10T13:11:04.6345570Z test rejected_remote_serve_does_not_open_local_stores_or_bootstrap_admin ... ok
2026-10-10T13:11:04.6346670Z test inherited_auto_reaping_keeps_actual_remote_companion_exit_status ... ok
2026-10-10T13:11:04.6347290Z
2026-10-10T13:11:04.6347760Z test result: ok. 2 passed; 0 failed; 0 ignored; 0 measured; 0 filtered out; finished in 0.04s
2026-10-10T13:11:04.6348420Z
2026-10-10T13:11:04.6349350Z [1m[92m     Running[0m tests/serve_windows_exit_status.rs (target/debug/deps/serve_windows_exit_status-dda8fa0066d3828f)
2026-10-10T13:11:04.6467880Z
2026-10-10T13:11:04.6468490Z running 0 tests
2026-10-10T13:11:04.6468780Z
2026-10-10T13:11:04.6469520Z test result: ok. 0 passed; 0 failed; 0 ignored; 0 measured; 0 filtered out; finished in 0.00s
2026-10-10T13:11:04.6470230Z
2026-10-10T13:11:04.6470970Z [1m[92m     Running[0m unittests src/lib.rs (target/debug/deps/diskgraph_engine-123f7d1319515c1e)
2026-10-10T13:11:04.6642500Z
2026-10-10T13:11:04.6661180Z running 787 tests
2026-10-10T13:11:04.9937800Z test admin_policy_lookup_tests::display_complete_reader_refuses_token_expired_during_consumer ... ok
2026-10-10T13:11:05.0080650Z test admin_policy_lookup_tests::display_initial_callback_control_contention_remains_nonblocking ... ok
2026-10-10T13:11:05.2721020Z test admin_policy_lookup_tests::display_initial_callback_server_replacement_refuses_consumer ... ok
2026-10-10T13:11:05.3178950Z test admin_policy_lookup_tests::admin_lookup_observes_independent_revocation_and_corrupt_text ... ok
2026-10-10T13:11:05.4734940Z test admin_policy_lookup_tests::display_reader_rejects_expired_token_before_preparing_canvas ... ok
2026-10-10T13:11:05.9256760Z test admin_policy_lookup_tests::display_initial_callback_can_reenter_control_and_revoke ... ok
2026-10-10T13:11:05.9836750Z test admin_policy_lookup_tests::display_initial_late_capability_cannot_enter_consumer ... ok
2026-10-10T13:11:06.0573690Z test admin_policy_lookup_tests::display_reader_refuses_token_expired_during_consumer ... ok
2026-10-10T13:11:06.1079090Z test admin_policy_lookup_tests::display_terminal_callback_can_reenter_control_and_revoke ... ok
2026-10-10T13:11:06.1798500Z test admin_policy_lookup_tests::initial_revision_authorization_rejects_expired_allowed_capability ... ok
2026-10-10T13:11:06.2526770Z test admin_policy_lookup_tests::ordinary_requirement_callback_can_read_engine_control_without_reentrant_lock ... ok
2026-10-10T13:11:06.3001390Z test admin_policy_lookup_tests::ordinary_requirement_observes_revocation_committed_inside_capability_callback ... ok
2026-10-10T13:11:06.4369290Z test admin_policy_lookup_tests::revision_reader_expiry_getter_can_reenter_control ... ok
2026-10-10T13:11:06.5184830Z test admin_policy_lookup_tests::revision_owner_callback_can_reenter_control_and_observes_revocation ... ok
2026-10-10T13:11:06.6533630Z test admin_policy_lookup_tests::revision_reader_initial_callback_can_reenter_control ... ok
2026-10-10T13:11:06.8888180Z test admin_policy_lookup_tests::revision_reader_preserves_explicit_denial_after_callback_deadline ... ok
2026-10-10T13:11:07.0311980Z test admin_policy_lookup_tests::revision_reader_terminal_callback_can_reenter_control_and_revoke ... ok
2026-10-10T13:11:07.0317180Z test admission_seal_tests::concurrent_scan_reserve_cannot_cross_completed_seal ... ok
2026-10-10T13:11:07.0318030Z
2026-10-10T13:11:07.0318930Z thread 'authority_expiry_clock::tests::clock_restores_after_unwind' (114363) panicked at crates/diskgraph-engine/src/authority_expiry_clock.rs:70:13:
2026-10-10T13:11:07.0320180Z controlled clock unwind
2026-10-10T13:11:07.0321000Z note: run with `RUST_BACKTRACE=1` environment variable to display a backtrace
2026-10-10T13:11:07.0322150Z test admission_seal_tests::original_scan_reservation_survives_seal_and_new_births_are_refused ... ok
2026-10-10T13:11:07.0323540Z test authority_expiry_clock::tests::clock_restores_after_unwind ... ok
2026-10-10T13:11:07.0324800Z test authority_expiry_clock::tests::nested_clock_restores_and_other_threads_keep_real_clock ... ok
2026-10-10T13:11:07.0326160Z test authorization_phase_diagnostic::tests::cpu_diagnostic_preserves_original_line_and_numeric_cpu ... ok
2026-10-10T13:11:07.0327650Z test authorization_phase_diagnostic::tests::diagnostic_write_failure_does_not_replace_the_original_budget_error ... ok
2026-10-10T13:11:07.0329250Z test authorization_phase_diagnostic::tests::disabled_observation_preserves_the_original_failure_without_emission ... ok
2026-10-10T13:11:07.0330880Z test authorization_phase_diagnostic::tests::enabled_budget_observation_emits_once_and_keeps_original_cleanup_payload ... ok
2026-10-10T13:11:07.0332450Z test authorization_phase_diagnostic::tests::success_and_permission_denial_do_not_emit_budget_diagnostics ... ok
2026-10-10T13:11:07.0333820Z test authorization_phase_diagnostic::tests::unknown_cpu_does_not_emit_a_zero_cpu_claim ... ok
2026-10-10T13:11:07.0335080Z test collectors::tests::a_directory_named_like_an_output_but_differently_scoped_is_not_claimed ... ok
2026-10-10T13:11:07.0337090Z test collectors::tests::a_maven_target_is_not_claimed_by_a_neighbouring_cargo_project ... ok
2026-10-10T13:11:07.0338320Z test collectors::tests::a_target_directory_without_a_sibling_manifest_stays_unclaimed ... ok
2026-10-10T13:11:07.0339620Z test collectors::tests::a_target_directory_without_any_manifest_stays_unclaimed_even_with_java_rules ... ok
2026-10-10T13:11:07.0340950Z test collectors::tests::batches_pass_endpoint_validation_including_resource_entities ... ok
2026-10-10T13:11:07.0342920Z test collectors::tests::cargo_target_next_to_manifest_produces_ownership_and_rebuildable ... ok
2026-10-10T13:11:07.0345240Z test collectors::tests::maven_and_gradle_targets_follow_their_own_manifest ... ok
2026-10-10T13:11:07.0348610Z test collectors::tests::mixed_manifests_keep_each_distinct_output ... ok
2026-10-10T13:11:07.0711350Z test collectors::tests::mixed_project_claims_publish_and_read_back_without_collisions ... ok
2026-10-10T13:11:07.0724630Z test collectors::tests::node_modules_is_owned_but_not_marked_rebuildable_in_rule_v1 ... ok
2026-10-10T13:11:07.0725800Z test collectors::tests::repeated_outputs_of_one_project_deduplicate_entities ... ok
2026-10-10T13:11:07.0726910Z test collectors::tests::shared_output_keeps_all_sources_and_is_order_independent ... ok
2026-10-10T13:11:07.1425640Z test content::initial_deadline_tests::already_expired_digest_stops_without_authorization_or_provider_access ... ok
2026-10-10T13:11:07.3891170Z test content::initial_deadline_tests::body_refuses_result_when_chunk_authorization_exhausts_original_deadline ... ok
2026-10-10T13:11:07.6332170Z test content::initial_deadline_tests::content_initial_authorization_returns_before_original_control_owner_releases ... ok
2026-10-10T13:11:07.7941350Z test content::read_terminal_tests::body_does_not_escape_when_terminal_authorization_misses_original_deadline ... ok
2026-10-10T13:11:07.8683600Z test content::read_terminal_tests::body_refuses_content_grant_withdrawn_and_restored_before_return ... ok
2026-10-10T13:11:07.9405840Z test content::read_terminal_tests::completed_range_rechecks_cancellation_after_identity_validation ... ok
2026-10-10T13:11:08.0305580Z test content::read_terminal_tests::completed_range_refuses_actual_scope_revoked_at_return ... ok
2026-10-10T13:11:08.0890110Z test admin_policy_lookup_tests::ordinary_requirement_refuses_token_expired_while_waiting_for_control ... ok
2026-10-10T13:11:08.0916170Z test admin_policy_lookup_tests::revision_reader_refuses_token_expired_during_consumer ... ok
2026-10-10T13:11:08.1261500Z test content::read_terminal_tests::completed_range_refuses_single_content_grant_revoked_at_return ... ok
2026-10-10T13:11:08.4297870Z test content::read_terminal_tests::content_terminal_capability_callback_can_read_control_without_reentrant_lock ... ok
2026-10-10T13:11:08.4315600Z test content::read_terminal_tests::eof_rechecks_cancellation_after_identity_validation ... ok
2026-10-10T13:11:08.6388360Z test content::read_terminal_tests::eof_refuses_actual_scope_revoked_at_return_without_persistent_policy ... ok
2026-10-10T13:11:08.6574190Z test content::read_terminal_tests::eof_refuses_single_content_grant_revoked_at_return ... ok
2026-10-10T13:11:08.9896300Z test content::read_terminal_tests::digest_never_confirms_restored_grant_at_initial_chunk_or_terminal_callback ... ok
2026-10-10T13:11:09.1027700Z test content::read_terminal_tests::permission_only_terminal_refuses_callback_scope_or_grant_revocation ... ok
2026-10-10T13:11:09.2203490Z test content::read_terminal_tests::placeholder_digest_preserves_revocation_without_confirming_content ... ok
2026-10-10T13:11:09.2209550Z test content::tests::metadata_only_export_drops_bytes_and_names_their_count ... ok
2026-10-10T13:11:09.2769880Z test content::tests::sha256_matches_the_known_vectors ... ok
2026-10-10T13:11:09.2783260Z test content::tests::stability_is_void_when_the_object_vanishes_mid_read ... ok
2026-10-10T13:11:09.2785210Z test content::tests::the_redacted_log_never_carries_content ... ok
2026-10-10T13:11:09.2796860Z test engine_error_cleanup_tests::business_primary_and_actual_cleanup_io_remain_separate ... ok
2026-10-10T13:11:09.2804140Z test engine_error_cleanup_tests::io_payload_identity_survives_cleanup_without_stringification ... ok
2026-10-10T13:11:09.2821250Z test engine_error_cleanup_tests::nested_io_primary_retains_real_kind_errno_and_message ... ok
2026-10-10T13:11:09.2857630Z test engine_error_cleanup_tests::nested_primary_and_source_chain_keep_actual_sqlite_busy ... ok
2026-10-10T13:11:09.2870100Z test engine_error_cleanup_tests::plain_primary_is_the_same_borrowed_error_without_cleanup ... ok
2026-10-10T13:11:09.3227150Z test content::read_terminal_tests::placeholder_digest_rechecks_cancel_and_deadline_after_probe ... ok
2026-10-10T13:11:09.3763510Z test engine_startup::tests::exhausted_check_after_graph_open_prevents_control_database_birth ... ok
2026-10-10T13:11:09.4659460Z test finalize_withdrawal_tests::final_response_refuses_grant_withdrawn_and_restored_in_its_capability_callback ... ok
2026-10-10T13:11:09.4662980Z test finalize_withdrawal_tests::final_response_quarantine_denial_precedes_unrelated_policy_generation_conflict ... ok
2026-10-10T13:11:10.0884370Z test content::read_terminal_tests::permission_only_content_terminal_refuses_late_allow_after_fixed_expiry ... ok
2026-10-10T13:11:10.0885460Z
2026-10-10T13:11:10.1889110Z thread 'git_evidence_execution_tests::failed_publication_assertion_releases_its_unreached_callback_before_returning' (114509) panicked at crates/diskgraph-engine/src/git_evidence_execution_tests.rs:51:5:
2026-10-10T13:11:10.1891720Z test admin_policy_lookup_tests::initial_revision_authorization_refuses_allowed_callback_returning_after_expiry ... ok
2026-10-10T13:11:10.2889600Z did not reach the required post-capture publication boundary; phase=post_capture_publication_not_reached; actual="original timeout"
2026-10-10T13:11:10.2891380Z test git_evidence_execution_tests::failed_publication_assertion_releases_its_unreached_callback_before_returning ... ok
2026-10-10T13:11:12.4479050Z test git_evidence_execution_tests::git_claim_preparation_keeps_the_original_absolute_execution_deadline ... ok
2026-10-10T13:11:12.6867940Z test git_evidence_execution_tests::git_actual_cancellation_after_capture_is_cancelled_without_publication ... ok
2026-10-10T13:11:13.0648630Z test git_evidence_execution_tests::expired_queued_git_claim_releases_its_terminal_cancellation_handle ... ok
2026-10-10T13:11:14.6550510Z test git_evidence_execution_tests::git_input_budget_failure_is_typed_and_does_not_publish_partial_counts ... ok
2026-10-10T13:11:14.8274080Z test git_evidence_execution_tests::git_content_revocation_after_capture_prevents_any_publication ... ok
2026-10-10T13:11:16.3567650Z test git_evidence_execution_tests::git_keeper_observes_content_revocation_during_the_active_execution_window ... ok
2026-10-10T13:11:16.4661230Z test git_evidence_execution_tests::git_job_cannot_publish_for_a_replacement_directory_after_enqueue ... ok
2026-10-10T13:11:18.3552100Z recovery prerequisite: outcome=Err(Business(Unavailable)), state=JobRecord { job_id: "job-f703b73a-87a1-44cb-8e05-f048503557a6", scope_id: ScopeId("scope-da063e41-41aa-4274-8b2f-3dd69e8b1761"), kind: GitEvidence, state: Running, created_at_unix_ms: 1791637877818, heartbeat_unix_ms: 1791637878342, owner: "crashed-owner", fencing_token: 1, lease_expires_unix_ms: 1791637908342, principal: PrincipalId("git-job-fixture") }, failure=None, receipt=Some(JobPublicationReceipt { schema_version: 1, job_id: "job-f703b73a-87a1-44cb-8e05-f048503557a6", input_sha256: "5a161a29e8a4aa24146b729eb22c3d3eb403b7f01cb0991d922c0d84628e8ea4", input: GitEvidenceJobInput { schema_version: 1, server_id: ServerId("srv-c6e96ef5-7930-4bf5-985c-148cb2c65d35"), scope_id: ScopeId("scope-da063e41-41aa-4274-8b2f-3dd69e8b1761"), base_revision_id: RevisionId("rev-job-9547b113-4828-4bbe-bd0d-338fb4d9123e-1"), node_id: 1, limits: GitEvidenceLimits { max_duration_ms: 15000, max_output_bytes: 1048576, max_input_bytes: 67108864, max_input_entries: 32768, max_capture_bytes: 134217728, min_free_bytes: 67108864 } }, snapshot_id: "ace05ad9-2a13-419b-979a-6e0a43a9b3e9", revision_id: "rev-job-f703b73a-87a1-44cb-8e05-f048503557a6-1", run_id: "git-job-f703b73a-87a1-44cb-8e05-f048503557a6-1", publishing_fence: 1, committed_at_unix_ms: 1791637878345 }), expiry=1791637897, now=1791637878
2026-10-10T13:11:18.4210730Z test git_evidence_execution_tests::git_owner_loss_after_capture_cannot_publish_or_finish_the_new_owner ... ok
2026-10-10T13:11:20.6915270Z test git_evidence_publication_tests::git_job_publishes_safe_summary_on_same_snapshot_and_preserves_old_revision ... ok
2026-10-10T13:11:24.7665510Z test git_job_cancellation_tests::legacy_scan_terminal_cancel_and_claim_refusal_release_only_queued_handles ... ok
2026-10-10T13:11:25.9436140Z test git_evidence_admission_tests::git_enqueue_admits_legal_revision_header_before_owning_snapshot_identity ... ok
2026-10-10T13:11:27.1769500Z test git_job_cancellation_tests::live_git_owner_rejection_and_cancel_preserve_the_active_handle ... ok
2026-10-10T13:11:27.2937990Z test git_job_cancellation_tests::queued_git_explicit_cancel_releases_the_terminal_handle ... ok
2026-10-10T13:11:28.4650440Z test git_job_cancellation_tests::queued_git_live_permission_rejection_releases_the_terminal_handle ... ok
2026-10-10T13:11:29.0289360Z test git_job_status_tests::completed_git_status_rechecks_all_live_grants_after_the_last_terminal_callback ... ok
2026-10-10T13:11:30.4449330Z test git_job_status_tests::completed_git_status_requires_live_metadata_permission_in_addition_to_operation_view ... ok
2026-10-10T13:11:31.6354910Z test git_job_status_tests::pruned_git_result_keeps_authorized_receipt_and_marks_result_unavailable ... ok
2026-10-10T13:11:31.7051380Z test git_late_enqueue_tests::durable_cancel_between_claim_and_local_flag_registration_prevents_publication ... ok
2026-10-10T13:11:33.6338630Z test git_late_enqueue_tests::enqueue_cannot_register_a_terminal_handle_after_another_engine_completes ... ok
2026-10-10T13:11:33.7504930Z test git_late_enqueue_tests::queued_producer_handle_does_not_survive_remote_engine_completion ... ok
2026-10-10T13:11:33.7604170Z diskgraph: authorization_budget_phase=relation_terminal_control elapsed_us=12
2026-10-10T13:11:33.7607660Z diskgraph: authorization_cpu_phase=relation_terminal_control elapsed_us=12 thread_cpu_us=10
2026-10-10T13:11:34.0826210Z diskgraph: authorization_budget_phase=history_terminal_control elapsed_us=13
2026-10-10T13:11:34.0829380Z diskgraph: authorization_cpu_phase=history_terminal_control elapsed_us=13 thread_cpu_us=10
2026-10-10T13:11:34.0845030Z test history_relation_withdrawal_tests::committed_withdrawal_survives_terminal_sql_expiry ... ok
2026-10-10T13:11:34.6727800Z test history_relation_withdrawal_tests::history_request_remembers_each_distinct_scope_through_encoding ... ok
2026-10-10T13:11:34.8030160Z test history_relation_withdrawal_tests::history_and_relation_remember_withdrawal_in_capability_observations ... ok
2026-10-10T13:11:34.9600030Z test history_relation_withdrawal_tests::history_request_remembers_revocation_during_read_and_encode ... ok
2026-10-10T13:11:35.0795310Z test history_relation_withdrawal_tests::relation_request_remembers_revocation_during_read_and_encode ... ok
2026-10-10T13:11:35.1381200Z diskgraph: authorization_budget_phase=relation_terminal_control elapsed_us=7
2026-10-10T13:11:35.1383560Z diskgraph: authorization_cpu_phase=relation_terminal_control elapsed_us=7 thread_cpu_us=5
2026-10-10T13:11:35.2661800Z diskgraph: authorization_budget_phase=history_terminal_control elapsed_us=7
2026-10-10T13:11:35.2664000Z diskgraph: authorization_cpu_phase=history_terminal_control elapsed_us=7 thread_cpu_us=4
2026-10-10T13:11:35.2679770Z test history_relation_withdrawal_tests::terminal_sql_expiry_without_withdrawal_remains_budget_exceeded ... ok
2026-10-10T13:11:35.7666150Z claimed=true, original budget=50ms, held after claim=100ms, state=Failed, latest=None, result=Err(Business(BudgetExceeded))
2026-10-10T13:11:35.7746300Z test job_authorization_tests::claimed_job_graph_preparation_wait_consumes_the_original_scan_budget ... ok
2026-10-10T13:11:36.0357990Z test git_evidence_execution_tests::git_original_request_expiry_after_capture_fails_without_publication ... ok
2026-10-10T13:11:36.4538570Z test job_authorization_tests::live_grant_revocation_after_native_observation_prevents_publication ... ok
2026-10-10T13:11:37.0154540Z test job_authorization_tests::live_remote_authority_can_publish_through_the_strict_runner ... ok
2026-10-10T13:11:37.1158670Z test git_evidence_publication_tests::committed_git_receipt_recovers_after_expiry_without_resampling_or_new_revision ... ok
2026-10-10T13:11:37.2161820Z test job_cancellation_guard_tests::old_cancellation_guard_preserves_the_replacement_generation ... ok
2026-10-10T13:11:37.3163310Z test job_authorization_tests::strict_execution_does_not_upgrade_a_legacy_job_to_local_authority ... ok
2026-10-10T13:11:38.8547710Z
2026-10-10T13:11:38.9550050Z thread '<unnamed>' (117869) panicked at crates/diskgraph-engine/src/job_keeper_unwind_tests.rs:35:13:
2026-10-10T13:11:38.9551510Z test job_keeper_unwind_tests::execution_unwind_joins_keeper_without_revocation_or_rescue_cancellation ... ok
2026-10-10T13:11:39.0554060Z qualified execution panic
2026-10-10T13:11:39.0555090Z test job_authorization_tests::trusted_runner_still_obeys_a_persisted_remote_expiry ... ok
2026-10-10T13:11:39.2991050Z test job_stop_cause_outcome_tests::a_real_committed_receipt_remains_completed_after_late_keeper_denial ... ok
2026-10-10T13:11:40.3051730Z
2026-10-10T13:11:40.3576700Z thread '<unnamed>' (118099) panicked at crates/diskgraph-engine/src/job_stop_cause_outcome_tests.rs:207:9:
2026-10-10T13:11:40.3584430Z qualified keeper panic
2026-10-10T13:11:40.7528370Z test job_stop_cause_outcome_tests::keeper_join_propagates_its_real_panic_without_rewriting_committed_facts ... ok
2026-10-10T13:11:42.4011910Z test job_stop_cause_outcome_tests::real_identity_conflict_is_not_replaced_by_a_later_keeper_authorization_error ... ok
2026-10-10T13:11:44.0159170Z test job_stop_cause_tests::scan_guard_keeps_its_actual_permission_denied_before_cooperative_stop ... ok
2026-10-10T13:11:49.0931220Z test job_stop_cause_tests::keeper_real_sqlite_busy_is_retained_instead_of_a_derived_scan_conflict ... ok
2026-10-10T13:11:49.8173480Z test job_stop_cause_tests::keeper_sqlite_busy_after_final_native_validation_is_not_permission_denied ... ok
2026-10-10T13:11:50.3787650Z test job_stop_conflict_tests::a_specific_local_commit_stop_can_be_denied_without_rewriting_other_store_errors ... ok
2026-10-10T13:11:51.6345890Z test job_stop_registration_tests::denial_arriving_during_registration_lock_wait_stops_before_dispatch ... ok
2026-10-10T13:11:52.6992640Z test job_stop_conflict_tests::observed_denial_does_not_replace_a_real_indexed_directory_identity_conflict ... ok
2026-10-10T13:11:52.8001740Z test job_stop_registration_tests::request_arriving_during_registration_lock_wait_stops_before_dispatch ... ok
2026-10-10T13:11:53.8977790Z test job_stop_signals_tests::a_request_set_before_claim_is_consumed_by_that_claim_without_publication ... ok
2026-10-10T13:11:54.5431540Z keeper_boundary_diagnostic: capture_before=true, publication_before=true, call_elapsed=592.781062ms, result=Err(Store(Conflict("live job authorization withdrawn"))), terminal=Ok(JobRecord { job_id: "job-faa17828-955a-4292-85b9-5ed14b3fb81b", scope_id: ScopeId("scope-678cf3b9-b6a3-466f-a98c-b7a42ab2feca"), kind: GitEvidence, state: Failed, created_at_unix_ms: 1791637913947, heartbeat_unix_ms: 1791637914540, owner: "real-grant-denial", fencing_token: 1, lease_expires_unix_ms: 1791637943949, principal: PrincipalId("git-job-fixture") }), persisted_failure=Ok(Ok(Some(GitEvidenceFailure { phase: Execution, code: Conflict })))
2026-10-10T13:11:54.5502120Z test job_stop_signals_tests::keeper_authorization_failure_is_not_inferred_from_the_stop_atomic ... ok
2026-10-10T13:11:55.7309350Z test job_stop_signals_tests::original_run_job_remains_a_real_compatible_completion_entry ... ok
2026-10-10T13:11:55.8030090Z test job_stop_signals_tests::request_in_the_claim_before_registration_window_survives_operation_view_revocation ... ok
2026-10-10T13:11:57.6366650Z test job_stop_signals_tests::stop_signals_after_real_completion_do_not_rewrite_the_committed_fact ... ok
2026-10-10T13:11:57.9505930Z test live_evidence::evidence_probe_completion_tests::cleaned_view_does_not_return_metadata_after_cancellation ... ok
2026-10-10T13:11:58.2921410Z test live_evidence::evidence_probe_completion_tests::cleaned_view_does_not_return_metadata_after_deadline ... ok
2026-10-10T13:11:58.5722270Z test job_stop_cause_tests::scan_heartbeat_keeps_a_real_sqlite_error_instead_of_guessing_stale_owner ... ok
2026-10-10T13:11:58.9132420Z test live_evidence::evidence_probe_failure_tests::git_cleanup_failure_prevents_future_program_start ... ok
2026-10-10T13:11:59.0100240Z test live_evidence::evidence_probe_failure_tests::git_nonzero_exit_failure_prevents_future_program_start ... ok
2026-10-10T13:11:59.2703960Z test job_stop_signals_tests::running_keeper_distinguishes_request_cancel_from_verified_deny_stop ... ok
2026-10-10T13:11:59.2706920Z test live_evidence::evidence_probe_session_tests::cancellation_cannot_be_reset_to_reopen_session ... ok
2026-10-10T13:11:59.2709220Z test live_evidence::evidence_probe_session_tests::deadline_is_creation_bound_and_failure_stays_latched ... ok
2026-10-10T13:11:59.3026520Z test live_evidence::evidence_probe_session_tests::failed_task_cannot_become_full_via_empty_process_request ... ok
2026-10-10T13:11:59.3802730Z test live_evidence::evidence_probe_failure_tests::git_output_semantic_failure_prevents_future_program_start ... ok
2026-10-10T13:11:59.6570960Z test live_evidence::evidence_probe_failure_tests::git_source_verification_failure_prevents_future_program_start ... ok
2026-10-10T13:11:59.6582640Z test live_evidence::evidence_probe_session_tests::invalid_cancelled_or_expired_configuration_is_rejected_at_creation ... ok
2026-10-10T13:11:59.8319370Z test live_evidence::evidence_probe_session_tests::malformed_process_sample_prevents_git_program_start ... ok
2026-10-10T13:11:59.9000230Z test live_evidence::evidence_probe_session_tests::old_independent_wrappers_and_distinct_sessions_remain_independent ... ok
2026-10-10T13:12:00.4695870Z test live_evidence::evidence_probe_session_tests::git_metadata_bytes_accumulate_across_observations ... ok
2026-10-10T13:12:00.7142140Z test live_evidence::evidence_probe_session_tests::semantic_git_prepare_failure_closes_both_observation_kinds ... ok
2026-10-10T13:12:00.8020640Z test live_evidence::evidence_probe_session_tests::git_metadata_entries_accumulate_across_observations ... ok
2026-10-10T13:12:00.8651260Z test live_evidence::evidence_probe_session_tests::stderr_is_charged_even_when_only_stdout_is_interpreted ... ok
2026-10-10T13:12:01.1519870Z test live_evidence::evidence_probe_session_tests::second_git_cannot_reset_output_quota ... ok
2026-10-10T13:12:01.2363130Z test live_evidence::evidence_probe_session_tests::task_output_budget_is_shared_across_process_samples ... ok
2026-10-10T13:12:01.9076300Z test live_evidence::evidence_probe_session_tests::successive_git_observations_consume_original_balances ... ok
2026-10-10T13:12:02.2566790Z test live_evidence::evidence_probe_session_tests::shared_output_crosses_git_and_process_in_both_orders ... ok
2026-10-10T13:12:02.6988890Z test live_evidence::git_callback_tests::native_applied_clean_filter_is_unsupported_without_executing_the_callback ... ok
2026-10-10T13:12:03.2919870Z test live_evidence::git_callback_tests::native_fsmonitor_positive_control_does_not_execute_during_public_sampling ... ok
2026-10-10T13:12:03.3044570Z test live_evidence::git_cleanup_tests::explicit_completion_removes_private_data_before_success ... ok
2026-10-10T13:12:03.3049560Z test live_evidence::git_cleanup_tests::moved_private_directory_uses_actual_platform_recovery ... ok
2026-10-10T13:12:03.3065010Z test live_evidence::git_cleanup_tests::primary_error_is_retained_when_cleanup_succeeds ... ok
2026-10-10T13:12:03.5311870Z test live_evidence::git_callback_tests::native_process_filter_positive_control_is_not_started_by_public_sampling ... ok
2026-10-10T13:12:03.7284890Z test live_evidence::git_cleanup_tests::primary_error_preserves_cleanup_failure_diagnostic ... ok
2026-10-10T13:12:03.9215060Z test live_evidence::git_callback_tests::native_same_size_private_index_rewrite_is_not_a_complete_public_sample ... ok
2026-10-10T13:12:03.9217360Z test live_evidence::git_command_context_tests::path_switch_child ... ok
2026-10-10T13:12:03.9218600Z test live_evidence::git_config_policy_tests::fscache_boolean_values_are_preserved_and_unknown_core_is_rejected ... ok
2026-10-10T13:12:04.0667020Z test live_evidence::git_config_policy_tests::fscache_replay_preserves_layer_order_for_real_git ... ok
2026-10-10T13:12:04.2306380Z test live_evidence::git_cleanup_tests::successful_public_sample_refuses_unremoved_private_source ... ok
2026-10-10T13:12:04.2313380Z test live_evidence::git_directory_tests::directory_capture_does_not_exceed_name_bytes_or_entry_quota ... ok
2026-10-10T13:12:04.2326710Z test live_evidence::git_directory_tests::directory_capture_rejects_leaf_and_parent_links_without_canonicalizing ... ok
2026-10-10T13:12:04.2330060Z test live_evidence::git_directory_tests::directory_capture_rejects_relative_parent_and_regular_file_paths ... ok
2026-10-10T13:12:04.2354190Z test live_evidence::git_directory_tests::directory_identity_replacement_cannot_pass_same_name_verification ... ok
2026-10-10T13:12:04.2357570Z test live_evidence::git_directory_tests::directory_names_are_sorted_leaf_components_and_charge_each_entry ... ok
2026-10-10T13:12:04.2360710Z test live_evidence::git_directory_tests::directory_names_preserve_non_utf8_native_bytes ... ok
2026-10-10T13:12:04.2363960Z test live_evidence::git_directory_tests::directory_operations_honor_preexisting_cancellation ... ok
2026-10-10T13:12:04.2379560Z test live_evidence::git_directory_tests::directory_parent_replacement_is_detected_with_original_leaf_inode ... ok
2026-10-10T13:12:04.2824020Z test live_evidence::git_command_context_tests::changing_to_the_worktree_cannot_select_a_repository_git_program ... ok
2026-10-10T13:12:04.2883670Z test live_evidence::git_directory_tests::directory_unchanged_verification_and_missing_name_proof ... ok
2026-10-10T13:12:04.2892950Z test live_evidence::git_directory_tests::directory_verification_honors_later_cancellation ... ok
2026-10-10T13:12:04.2895170Z test live_evidence::git_directory_tests::private_directory_is_unique_absolute_and_removed_on_drop ... ok
2026-10-10T13:12:04.2901820Z test live_evidence::git_directory_tests::private_directory_permissions_do_not_admit_other_users ... ok
2026-10-10T13:12:04.2904270Z test live_evidence::git_divergence::tests::complete_pairs_accept_zero_and_u64_boundaries_without_dropping_stderr ... ok
2026-10-10T13:12:04.2905960Z test live_evidence::git_divergence::tests::divergence_uses_one_walk_and_keeps_head_then_upstream_direction ... ok
2026-10-10T13:12:04.2907710Z test live_evidence::git_divergence::tests::incomplete_ambiguous_and_overflowing_pairs_are_rejected ... ok
2026-10-10T13:12:04.2911970Z test live_evidence::git_divergence::tests::original_execution_failure_is_preserved ... ok
2026-10-10T13:12:04.2915760Z test live_evidence::git_empty_configuration_tests::cancellation_during_native_parsing_prevents_merging_returned_fields ... ok
2026-10-10T13:12:04.2918280Z test live_evidence::git_empty_configuration_tests::captured_empty_configuration_never_starts_a_parser ... ok
2026-10-10T13:12:04.2924660Z test live_evidence::git_empty_configuration_tests::empty_configuration_cannot_bypass_original_expiry_or_cancellation ... ok
2026-10-10T13:12:04.2937220Z test live_evidence::git_empty_configuration_tests::native_failure_and_unsupported_configuration_are_not_empty_success ... ok
2026-10-10T13:12:04.2978170Z test live_evidence::git_directory_tests::directory_records_do_not_accumulate_open_descriptors ... ok
2026-10-10T13:12:04.2982740Z test live_evidence::git_empty_configuration_tests::whitespace_and_nonempty_configuration_keep_native_parsing_and_layer_order ... ok
2026-10-10T13:12:04.4425600Z test live_evidence::git_empty_configuration_tests::native_git_empty_file_matches_the_captured_fast_path ... ok
2026-10-10T13:12:04.4429620Z test live_evidence::git_executable_native_tests::native_shadow_child_fixture ... ignored, parent runs this exact isolated native PATH/cwd fixture
2026-10-10T13:12:04.8506500Z test live_evidence::git_execution_policy_tests::clean_stat_refresh_does_not_rewrite_the_git_index ... ok
2026-10-10T13:12:04.8507730Z test live_evidence::git_execution_policy_tests::promisor_helper_fixture ... ok
2026-10-10T13:12:05.1283610Z test live_evidence::git_execution_policy_tests::promisor_missing_head_does_not_invoke_a_remote_helper ... ok
2026-10-10T13:12:05.3932820Z test live_evidence::git_executable_native_tests::native_repository_git_shadow_is_not_selected_after_worktree_switch ... ok
2026-10-10T13:12:05.3934630Z test live_evidence::git_indexed_windows_identity_tests::captured_windows_directory_identity_does_not_require_regular_file_size_alignment ... ok
2026-10-10T13:12:05.3938740Z test live_evidence::git_indexed_windows_identity_tests::windows_directory_identity_refuses_reparse_and_materialization_attributes ... ok
2026-10-10T13:12:05.3940740Z test live_evidence::git_indexed_windows_identity_tests::windows_identity_rejects_non_directory_pending_delete_and_invalid_capture ... ok
2026-10-10T13:12:05.3943540Z test live_evidence::git_input_read_tests::cancelled_native_input_does_not_read_or_charge ... ok
2026-10-10T13:12:05.3958680Z test live_evidence::git_input_read_tests::metadata_exact_limit_empty_and_shrunk_files_keep_complete_semantics ... ok
2026-10-10T13:12:05.3963970Z test live_evidence::git_input_read_tests::metadata_growth_never_reads_beyond_the_initial_length_or_remaining_bytes ... ok
2026-10-10T13:12:05.3969300Z test live_evidence::git_input_read_tests::metadata_known_over_limit_is_refused_before_reading ... ok
2026-10-10T13:12:05.3974430Z test live_evidence::git_input_read_tests::metadata_zero_length_growth_does_not_read_body ... ok
2026-10-10T13:12:05.3981260Z test live_evidence::git_input_read_tests::reflog_exact_limit_and_empty_file_use_only_actual_input ... ok
2026-10-10T13:12:05.3988500Z test live_evidence::git_input_read_tests::reflog_known_over_limit_is_refused_before_reading_any_body ... ok
2026-10-10T13:12:05.3995010Z test live_evidence::git_input_read_tests::reflog_preflight_failure_cannot_become_success_on_a_later_empty_input ... ok
2026-10-10T13:12:06.0297190Z test job_authorization_tests::remote_expiry_after_native_observation_prevents_staging_and_publication ... ok
2026-10-10T13:12:06.0557950Z test live_evidence::git_isolation_semantics_tests::builtin_crlf_normalization_is_kept_without_external_filters ... ok
2026-10-10T13:12:06.2920210Z test live_evidence::git_isolation_semantics_tests::config_native_case_alias_is_rejected_without_changing_sensitive_volume_semantics ... ok
2026-10-10T13:12:06.6361200Z test live_evidence::git_isolation_semantics_tests::configured_rename_count_is_not_silently_changed_by_dropping_config ... ok
2026-10-10T13:12:06.8298310Z test live_evidence::git_isolation_semantics_tests::core_filemode_false_does_not_turn_a_clean_file_into_dirty ... ok
2026-10-10T13:12:06.8972840Z test live_evidence::git_isolation_semantics_tests::index_native_case_alias_is_rejected_without_changing_sensitive_volume_semantics ... ok
2026-10-10T13:12:07.3403680Z test live_evidence::git_config_policy_tests::native_fscache_preserves_dirty_stash_and_tracking_without_source_writes ... ok
2026-10-10T13:12:07.4672740Z test live_evidence::git_isolation_semantics_tests::info_exclude_patterns_are_preserved_in_untracked_counts ... ok
2026-10-10T13:12:07.5788420Z indexed directory replaced before capture; actual scoped result=Err(IdentityChanged)
2026-10-10T13:12:07.5975180Z test live_evidence::git_indexed_identity_tests::indexed_git_directory_replacement_cannot_be_sampled_as_the_original_node ... ok
2026-10-10T13:12:07.7485270Z test live_evidence::git_isolation_semantics_tests::linked_worktree_keeps_its_own_head_index_and_the_common_stash ... ok
2026-10-10T13:12:08.1014770Z test live_evidence::git_isolation_semantics_tests::racy_index_same_size_change_with_restored_mtime_remains_dirty ... ok
2026-10-10T13:12:08.3765260Z test live_evidence::git_isolation_semantics_tests::sha256_format_and_tracking_counts_are_preserved_without_skipping_capability ... ok
2026-10-10T13:12:08.4138020Z test live_evidence::git_isolation_semantics_tests::shallow_boundary_is_preserved_in_the_private_view ... ok
2026-10-10T13:12:08.4902000Z test live_evidence::git_isolation_semantics_tests::ordinary_dirty_stash_and_upstream_match_real_git_without_source_writes ... ok
2026-10-10T13:12:08.6163830Z test live_evidence::git_isolation_tests::fixture_commit_does_not_start_background_maintenance ... ok
2026-10-10T13:12:08.8182080Z test live_evidence::git_isolation_tests::applied_clean_filter_is_rejected_without_executing_or_guessing_clean ... ok
2026-10-10T13:12:08.8212050Z test live_evidence::git_isolation_tests::script_writer_fixture ... ok
2026-10-10T13:12:08.9031880Z test live_evidence::git_isolation_tests::gitlink_without_gitmodules_is_unsupported_instead_of_clean ... ok
2026-10-10T13:12:09.2340690Z test live_evidence::git_isolation_tests::fsmonitor_positive_control_cannot_execute_during_sampling ... ok
2026-10-10T13:12:09.2433950Z test live_evidence::git_isolation_tests::split_index_is_explicitly_unsupported ... ok
2026-10-10T13:12:09.2536190Z test live_evidence::git_isolation_tests::process_filter_positive_control_is_rejected_before_starting_the_driver ... ok
2026-10-10T13:12:09.5085340Z test live_evidence::git_isolation_tests::source_metadata_is_unchanged_on_success_budget_failure_and_precancel ... ok
2026-10-10T13:12:09.5115800Z test live_evidence::git_metadata_tests::extended_flags_reserved_bit_is_rejected_with_valid_checksum ... ok
2026-10-10T13:12:09.5121020Z test live_evidence::git_metadata_tests::file_change_and_missing_parent_do_not_verify_as_stable ... ok
2026-10-10T13:12:09.5699020Z test live_evidence::git_isolation_tests::split_index_sampling_does_not_refresh_shared_source_metadata ... ok
2026-10-10T13:12:09.5835720Z test live_evidence::git_metadata_tests::git_index_v2_v4_and_compatible_v3_layout_are_preflighted ... ok
2026-10-10T13:12:09.5839830Z test live_evidence::git_metadata_tests::index_rejects_git_metadata_path_with_valid_checksum ... ok
2026-10-10T13:12:09.6036960Z test live_evidence::git_isolation_tests::unknown_optional_index_cache_is_unsupported_instead_of_clean ... ok
2026-10-10T13:12:09.6111590Z test live_evidence::git_metadata_tests::index_v4_varint_prefix_over_127_bytes_is_bounded ... ok
2026-10-10T13:12:09.6117200Z test live_evidence::git_metadata_tests::links_and_fifo_are_refused_without_blocking ... ok
2026-10-10T13:12:09.6120270Z test live_evidence::git_metadata_tests::metadata_budget_is_independent_of_probe_pipe_output ... ok
2026-10-10T13:12:09.6123340Z test live_evidence::git_metadata_tests::metadata_capture_observes_cancellation ... ok
2026-10-10T13:12:09.6127220Z test live_evidence::git_metadata_tests::native_file_capture_and_verify_share_the_byte_budget ... ok
2026-10-10T13:12:09.6578290Z test live_evidence::git_metadata_tests::index_checksum_corruption_is_rejected_for_sha1_and_sha256 ... ok
2026-10-10T13:12:09.6589840Z test live_evidence::git_metadata_tests::same_bytes_with_changed_native_version_are_rejected ... ok
2026-10-10T13:12:09.6940550Z test live_evidence::git_metadata_tests::sha256_git_index_uses_full_oid_width ... ok
2026-10-10T13:12:09.7277160Z test live_evidence::git_metadata_tests::unsupported_index_mode_and_extension_are_rejected ... ok
2026-10-10T13:12:09.7282740Z test live_evidence::git_native_path_tests::a_parent_step_cannot_erase_an_unverified_path_component ... ok
2026-10-10T13:12:09.7291480Z test live_evidence::git_native_path_tests::leading_parents_of_a_verified_worktree_directory_remain_supported ... ok
2026-10-10T13:12:09.7841100Z test live_evidence::git_metadata_tests::assume_valid_bit_preserves_git_status_semantics_in_private_view ... ok
2026-10-10T13:12:09.9122450Z test live_evidence::git_metadata_tests::private_git_view_rejects_checksum_corruption_before_status ... ok
2026-10-10T13:12:10.0570430Z test live_evidence::git_object_database_tests::ignored_sidecar_type_queries_do_not_follow_a_replaced_parent ... ok
2026-10-10T13:12:10.1100050Z test live_evidence::git_object_database_tests::captured_loose_content_changes_are_detected_at_the_terminal_guard ... ok
2026-10-10T13:12:10.4488770Z test live_evidence::git_object_database_tests::known_object_accelerators_are_not_private_git_inputs ... ok
2026-10-10T13:12:10.5553780Z test live_evidence::git_object_database_tests::ignored_object_sidecars_do_not_hide_links ... ok
2026-10-10T13:12:10.6995880Z test live_evidence::git_object_database_tests::late_alternate_is_not_a_git_input_and_source_change_is_rejected ... ok
2026-10-10T13:12:10.7144910Z test live_evidence::git_object_database_tests::loose_links_are_rejected_before_git_can_open_a_foreign_file ... ok
2026-10-10T13:12:10.9323470Z test live_evidence::git_object_database_tests::oversized_alternates_are_rejected_without_parsing_the_source_file ... ok
2026-10-10T13:12:11.3405800Z test live_evidence::git_object_database_tests::orphan_pack_and_promisor_markers_are_explicitly_rejected ... ok
2026-10-10T13:12:11.5511330Z test live_evidence::git_metadata_tests::index_tracks_more_entries_than_metadata_file_limit ... ok
2026-10-10T13:12:11.6151050Z test live_evidence::git_object_database_tests::unknown_loose_names_are_not_normalized_or_ignored ... ok
2026-10-10T13:12:11.6178560Z test live_evidence::git_object_resources_tests::resource_child_fixture ... ignored, 仅由四个真实子宿主回归以隔离临时根调用
2026-10-10T13:12:11.8646490Z test live_evidence::git_object_database_tests::unreferenced_loose_objects_cannot_escape_the_shared_byte_budget ... ok
2026-10-10T13:12:11.9242090Z test live_evidence::git_object_resources_tests::sampler_object_copy_allocation_failure_removes_private_data ... ok
2026-10-10T13:12:12.2088500Z test live_evidence::git_object_resources_tests::sampler_preparation_resource_failure_removes_private_data ... ok
2026-10-10T13:12:12.2517970Z test live_evidence::git_object_resources_tests::sampler_object_copy_input_failure_removes_private_data ... ok
2026-10-10T13:12:12.2597860Z test live_evidence::git_output::tests::commit_counts_accept_only_complete_decimal_u64 ... ok
2026-10-10T13:12:12.2613110Z test live_evidence::git_output::tests::object_ids_accept_both_hash_widths_and_reject_fake_values ... ok
2026-10-10T13:12:12.2617710Z test live_evidence::git_output::tests::reference_line_preserves_spaces_and_refuses_lossy_bytes ... ok
2026-10-10T13:12:12.2620720Z test live_evidence::git_output::tests::stash_requires_complete_oid_lines ... ok
2026-10-10T13:12:12.2633630Z test live_evidence::git_output::tests::status_accepts_only_the_seven_unmerged_xy_pairs ... ok
2026-10-10T13:12:12.2637170Z test live_evidence::git_output::tests::status_rejects_bad_codes_and_incomplete_nul_fields ... ok
2026-10-10T13:12:12.2643170Z test live_evidence::git_output::tests::status_uses_native_paths_and_one_count_per_rename ... ok
2026-10-10T13:12:12.2648720Z test live_evidence::git_output::tests::success_requires_zero_exit_and_empty_stderr ... ok
2026-10-10T13:12:12.2661410Z test live_evidence::git_private_capacity_tests::changed_registered_file_identity_cannot_be_truncated ... ok
2026-10-10T13:12:12.2665860Z test live_evidence::git_private_capacity_tests::existing_directory_creation_does_not_adopt_a_replacement_identity ... ok
2026-10-10T13:12:12.2670060Z test live_evidence::git_private_capacity_tests::failed_write_keeps_its_diagnostic_and_private_owner_is_cleaned ... ok
2026-10-10T13:12:12.2674990Z test live_evidence::git_private_capacity_tests::final_verification_rejects_unregistered_data_and_changed_allocation ... ok
2026-10-10T13:12:12.3033420Z test live_evidence::git_private_capacity_tests::many_short_files_refuse_reported_allocation_before_logical_bytes_exhaust_the_quota ... ok
2026-10-10T13:12:12.3038870Z test live_evidence::git_private_capacity_tests::modified_time_is_set_through_the_registered_handle_and_unknown_files_stay_unchanged ... ok
2026-10-10T13:12:12.3044520Z test live_evidence::git_private_capacity_tests::native_allocation_observation_is_not_apparent_file_length ... ok
2026-10-10T13:12:12.3057680Z test live_evidence::git_private_capacity_tests::owned_overwrites_replace_the_existing_allocation_charge ... ok
2026-10-10T13:12:12.3125560Z test live_evidence::git_private_capacity_tests::real_volume_capacity_cannot_meet_larger_required_headroom ... ok
2026-10-10T13:12:12.3130310Z test live_evidence::git_private_capacity_tests::substituted_parent_symlink_does_not_write_outside_the_owner ... ok
2026-10-10T13:12:12.3133530Z test live_evidence::git_private_capacity_tests::unknown_files_and_outside_paths_are_never_overwritten ... ok
2026-10-10T13:12:12.3138250Z test live_evidence::git_private_capacity_tests::unknown_native_volume_query_is_not_reported_as_unlimited_space ... ok
2026-10-10T13:12:12.3505470Z test live_evidence::git_object_database_tests::source_alternates_and_recursive_foreign_objects_are_rejected ... ok
2026-10-10T13:12:12.3523110Z test live_evidence::git_private_directory_owner_tests::foreign_replacement_is_retained_until_original_directory_returns ... ok
2026-10-10T13:12:12.3526230Z test live_evidence::git_private_directory_owner_tests::moved_original_directory_is_not_complete_when_original_path_is_missing ... ok
2026-10-10T13:12:12.3528590Z test live_evidence::git_private_integrity_tests::cleanup_refuses_a_foreign_directory_that_replaced_the_registered_root ... ok
2026-10-10T13:12:12.3530740Z test live_evidence::git_private_integrity_tests::private_index_mutation_fixture ... ok
2026-10-10T13:12:12.9433750Z test live_evidence::git_object_database_tests::packed_sha1_and_sha256_keep_status_stash_and_upstream_without_source_writes ... ok
2026-10-10T13:12:12.9440320Z test live_evidence::git_product_tests::original_claim_deadline_and_cancellation_cannot_restart_in_product_session ... ok
2026-10-10T13:12:12.9444540Z test live_evidence::git_reference_verification_tests::different_branch_is_validated_and_rejected_while_changed_oid_is_not_cached ... ok
2026-10-10T13:12:12.9450700Z test live_evidence::git_reference_verification_tests::fresh_observations_do_not_share_validation_and_unborn_conflicts_are_rechecked ... ok
2026-10-10T13:12:12.9737990Z test live_evidence::git_object_resources_tests::sampler_terminal_input_failure_removes_private_data ... ok
2026-10-10T13:12:12.9749240Z test live_evidence::git_reference_verification_tests::reference_syntax_rejects_each_ascii_control_and_keeps_unicode_bytes ... ok
2026-10-10T13:12:12.9754920Z test live_evidence::git_reference_verification_tests::resolved_upstream_commit_does_not_launch_a_redundant_existence_query ... ok
2026-10-10T13:12:12.9756770Z test live_evidence::git_reference_verification_tests::same_verified_branch_reuses_only_syntax_and_reads_both_identity_fields_again ... ok
2026-10-10T13:12:12.9759340Z test live_evidence::git_reference_verification_tests::terminal_native_failure_and_invalid_new_branch_keep_original_errors ... ok
2026-10-10T13:12:12.9761680Z test live_evidence::git_reference_verification_tests::unborn_checks_reference_existence_twice_and_detached_reads_head_twice ... ok
2026-10-10T13:12:12.9764130Z test live_evidence::git_reference_verification_tests::unresolved_upstream_still_distinguishes_missing_and_damaged_references ... ok
2026-10-10T13:12:12.9766690Z test live_evidence::git_reference_verification_tests::upstream_invalid_success_and_noisy_failure_are_never_missing_references ... ok
2026-10-10T13:12:12.9768930Z test live_evidence::git_reference_verification_tests::upstream_resolution_resource_failure_is_not_reclassified_as_absence ... ok
2026-10-10T13:12:13.0452570Z test live_evidence::git_private_integrity_tests::same_allocation_private_index_mutation_cannot_be_a_successful_public_sample ... ok
2026-10-10T13:12:13.1752580Z test live_evidence::git_resource_tests::git_head_and_upstream_resource_errors_cannot_be_missing_references ... ok
2026-10-10T13:12:13.1787080Z test live_evidence::git_resource_tests::signal_fixture_writer ... ok
2026-10-10T13:12:13.3253530Z test live_evidence::git_reference_verification_tests::pure_reference_syntax_matches_actual_git_for_all_default_rules ... ok
2026-10-10T13:12:13.3786660Z test live_evidence::git_scope_boundary_tests::explicit_scope_root_never_discovers_an_ancestor_repository ... ok
2026-10-10T13:12:13.6731120Z test live_evidence::git_resource_tests::head_and_upstream_signal_death_stop_the_entire_sample ... ok
2026-10-10T13:12:13.7344660Z test live_evidence::git_scope_boundary_tests::explicit_scope_root_rejects_external_attributes_file ... ok
2026-10-10T13:12:13.7879080Z test live_evidence::git_scope_boundary_tests::explicit_scope_root_rejects_external_excludes_file ... ok
2026-10-10T13:12:14.0078930Z test live_evidence::git_scope_boundary_tests::explicit_scope_root_rejects_gitfile_to_external_metadata ... ok
2026-10-10T13:12:14.1266370Z test live_evidence::git_scope_boundary_tests::nested_untracked_gitfile_cannot_introduce_another_repository_source ... ok
2026-10-10T13:12:14.5542250Z test live_evidence::git_scope_boundary_tests::in_scope_gitdir_does_not_authorize_an_external_common_directory ... ok
2026-10-10T13:12:14.7163490Z test live_evidence::git_scope_boundary_tests::registered_root_open_restores_thread_hydration_policy_on_success_and_error ... ok
2026-10-10T13:12:14.8244200Z test live_evidence::git_scope_boundary_tests::registered_parent_maps_absolute_attributes_and_excludes_dependencies ... ok
2026-10-10T13:12:15.0303460Z test live_evidence::git_scope_boundary_tests::registered_parent_allows_linked_worktree_and_absolute_common_dependency ... ok
2026-10-10T13:12:15.1942970Z test live_evidence::git_scope_boundary_tests::scoped_source_symbolic_link_is_rejected_without_reading_target_body ... ok
2026-10-10T13:12:15.1994360Z test live_evidence::git_scope_boundary_tests::renamed_registered_root_invalidates_terminal_capture_with_nested_project ... ok
2026-10-10T13:12:15.3176000Z test live_evidence::git_scope_boundary_tests::replaced_registered_root_ancestor_rejects_terminal_without_reopening_source ... ok
2026-10-10T13:12:15.6459530Z test live_evidence::git_scope_boundary_tests::unrelated_ancestor_sibling_activity_keeps_registered_route_valid ... ok
2026-10-10T13:12:15.8032670Z test live_evidence::git_scoped_semantics_tests::scoped_builtin_crlf_and_attributes_keep_clean_status ... ok
2026-10-10T13:12:15.8498720Z test live_evidence::git_scoped_semantics_tests::scoped_filemode_retains_observed_executable_bit_change ... ok
2026-10-10T13:12:16.2200770Z test live_evidence::git_scoped_semantics_tests::scoped_private_files_keep_high_precision_mtime_after_writers_close ... ok
2026-10-10T13:12:16.4006000Z test live_evidence::git_scoped_semantics_tests::scoped_racy_index_keeps_same_size_rewritten_content_dirty ... ok
2026-10-10T13:12:16.7206740Z test live_evidence::git_scoped_semantics_tests::scoped_private_executable_mode_and_fixed_status_match_source_observation ... ok
2026-10-10T13:12:17.4187750Z test live_evidence::git_scoped_semantics_tests::scoped_sha1_and_sha256_dirty_untracked_and_ignore_match_real_git ... ok
2026-10-10T13:12:17.5755440Z test live_evidence::git_scoped_semantics_tests::scoped_stash_reference_and_log_preserve_real_local_history ... ok
2026-10-10T13:12:18.1474490Z test live_evidence::git_semantics_tests::changed_head_cannot_publish_a_mixed_sample ... ok
2026-10-10T13:12:18.1519000Z test live_evidence::git_scoped_semantics_tests::scoped_unborn_staged_and_untracked_files_keep_status_records ... ok
2026-10-10T13:12:18.4466710Z test live_evidence::git_semantics_tests::corrupt_current_branch_is_an_error_not_an_unborn_repository ... ok
2026-10-10T13:12:18.6599070Z test live_evidence::git_semantics_tests::committed_repository_counts_untracked_files_not_directory_display_rows ... ok
2026-10-10T13:12:18.8649090Z test live_evidence::git_semantics_tests::corrupt_stash_is_an_error_not_zero_stashes ... ok
2026-10-10T13:12:19.2129600Z test live_evidence::git_semantics_tests::corrupt_upstream_is_an_error_not_missing_configuration ... ok
2026-10-10T13:12:19.5929660Z test live_evidence::git_scoped_semantics_tests::scoped_sha1_and_sha256_local_tracking_divergence_matches_real_git ... ok
2026-10-10T13:12:19.7349560Z test live_evidence::git_semantics_tests::detached_head_keeps_dirty_observations_and_unknown_upstream ... ok
2026-10-10T13:12:20.0785610Z test live_evidence::git_semantics_tests::failed_upstream_lookup_is_not_missing_configuration ... ok
2026-10-10T13:12:20.0828370Z test live_evidence::git_semantics_tests::fixture_writer ... ok
2026-10-10T13:12:20.1957080Z test live_evidence::git_semantics_tests::dangling_symbolic_references_are_errors_not_absence ... ok
2026-10-10T13:12:20.3864710Z test live_evidence::git_semantics_tests::invalid_head_oid_is_a_format_error ... ok
2026-10-10T13:12:20.6300920Z test live_evidence::git_semantics_tests::malformed_commit_count_is_an_error ... ok
2026-10-10T13:12:20.9281910Z test live_evidence::git_semantics_tests::existing_references_with_missing_commit_objects_are_errors ... ok
2026-10-10T13:12:21.0192210Z test live_evidence::git_semantics_tests::missing_tracking_ref_is_reported_as_unavailable_not_unconfigured ... ok
2026-10-10T13:12:21.3106710Z test live_evidence::git_semantics_tests::newline_and_rename_paths_have_one_status_per_file ... ok
2026-10-10T13:12:21.4395210Z test live_evidence::git_semantics_tests::overflowing_commit_count_is_an_error ... ok
2026-10-10T13:12:21.6875420Z test live_evidence::git_semantics_tests::sha256_repository_keeps_full_oids_and_correct_commit_counts ... ok
2026-10-10T13:12:21.7915710Z test live_evidence::git_semantics_tests::unsupported_reference_interface_is_an_error_not_a_fallback ... ok
2026-10-10T13:12:21.8018670Z test live_evidence::git_source_file::tests::growth_after_length_observation_reads_no_extra_byte_and_refuses_result ... ok
2026-10-10T13:12:21.8029630Z test live_evidence::git_source_file::tests::initial_version_uses_the_same_metadata_observation_as_copied_permissions ... ok
2026-10-10T13:12:21.8066870Z test live_evidence::git_source_file::tests::over_budget_body_is_not_read_even_when_native_file_is_long_enough ... ok
2026-10-10T13:12:21.8112480Z test live_evidence::git_source_file::tests::real_source_reads_admit_empty_and_exact_length_without_lookahead ... ok
2026-10-10T13:12:21.8142620Z test live_evidence::git_source_file::tests::shortening_after_length_observation_charges_only_real_read_bytes ... ok
2026-10-10T13:12:22.0951650Z test live_evidence::git_semantics_tests::unterminated_status_is_an_error ... ok
2026-10-10T13:12:22.0983270Z test live_evidence::git_stash_location::tests::fixed_location_queries_use_one_child_and_preserve_raw_path_boundaries ... ok
2026-10-10T13:12:22.1014160Z test live_evidence::git_stash_location::tests::malformed_frames_and_original_failures_cannot_be_successful_locations ... ok
2026-10-10T13:12:22.2419300Z test live_evidence::git_semantics_tests::unborn_repository_counts_each_untracked_and_staged_file ... ok
2026-10-10T13:12:22.3744910Z test live_evidence::git_stash_location::tests::actual_sha1_and_sha256_location_matches_separate_git_queries ... ok
2026-10-10T13:12:23.4377740Z test live_evidence::git_stash_tests::damaged_older_reflog_record_cannot_be_silently_omitted ... ok
2026-10-10T13:12:23.7154510Z test live_evidence::git_stash_tests::committer_name_containing_tab_is_a_valid_raw_record ... ok
2026-10-10T13:12:24.3465190Z test live_evidence::git_stash_tests::drop_and_expire_are_not_mistaken_for_corruption ... ok
2026-10-10T13:12:24.4664030Z test live_evidence::git_stash_tests::fifo_reflog_is_rejected_without_waiting_for_a_writer ... ok
2026-10-10T13:12:25.4535540Z test live_evidence::git_stash_tests::linked_worktree_uses_gits_shared_reflog_location ... ok
2026-10-10T13:12:25.9119860Z test live_evidence::git_stash_tests::malformed_raw_record_is_not_a_valid_stash_count ... ok
2026-10-10T13:12:26.1939810Z test live_evidence::git_stash_tests::message_containing_angle_brackets_and_greater_than_is_not_identity ... ok
2026-10-10T13:12:26.2017340Z test live_evidence::git_stash_tests::reflog_file_read_obeys_byte_budget_and_cancellation ... ok
2026-10-10T13:12:26.2023840Z test live_evidence::git_stash_tests::same_bytes_with_new_file_version_cannot_pass_second_read ... ok
2026-10-10T13:12:26.9802190Z test live_evidence::git_stash_tests::missing_older_stash_commit_cannot_be_silently_omitted ... ok
2026-10-10T13:12:27.2048970Z test live_evidence::git_stash_tests::stash_observation_cannot_turn_an_expired_request_into_a_count ... ok
2026-10-10T13:12:27.5588850Z test live_evidence::git_stash_tests::reflog_delete_without_rewrite_does_not_require_old_oid_chain ... ok
2026-10-10T13:12:28.0325060Z test live_evidence::git_stash_tests::symlinked_reflog_is_rejected_even_if_contents_are_valid ... ok
2026-10-10T13:12:28.1993110Z test live_evidence::git_private_capacity_tests::zero_allocation_files_still_reach_the_real_owner_entry_limit ... ok
2026-10-10T13:12:28.1998720Z test live_evidence::git_status_output_tests::wide_status_child_fixture ... ignored, 仅由真实宽 status 回归以隔离临时根调用
2026-10-10T13:12:28.2341430Z test live_evidence::git_stash_tests::symlinked_reflog_parent_is_rejected ... ok
2026-10-10T13:12:28.2905450Z test live_evidence::git_system_configuration_tests::actual_installed_git_discovers_one_path_without_creating_the_host_file ... ok
2026-10-10T13:12:28.2929220Z test live_evidence::git_system_configuration_tests::discovery_budget_and_cancellation_are_not_reset ... ok
2026-10-10T13:12:28.2934240Z test live_evidence::git_system_configuration_tests::host_configuration_flag_cannot_reopen_the_original_parser ... ok
2026-10-10T13:12:28.3548160Z test live_evidence::git_system_configuration_tests::malformed_host_config_and_included_fifo_are_not_parsed_during_discovery ... ok
2026-10-10T13:12:28.3551450Z test live_evidence::git_system_configuration_tests::fifo_host_configuration_is_only_located_then_native_capture_rejects_it ... ok
2026-10-10T13:12:28.4250380Z test live_evidence::git_system_configuration_tests::oversized_host_file_is_rejected_by_native_capture_before_git_parses_it ... ok
2026-10-10T13:12:28.4255500Z test live_evidence::git_system_configuration_tests::path_record_is_single_absolute_native_path_without_display_normalization ... ok
2026-10-10T13:12:28.5583360Z test live_evidence::git_system_configuration_tests::physical_host_alias_is_rediscovered_after_redirection ... ok
2026-10-10T13:12:28.5594310Z test live_evidence::git_system_configuration_tests::script_writer_child ... ok
2026-10-10T13:12:28.5599430Z test live_evidence::git_system_configuration_tests::shell_environment_child ... ok
2026-10-10T13:12:28.6221700Z test live_evidence::git_system_configuration_tests::shell_path_is_filtered_once_and_injected_startup_environment_is_cleared ... ok
2026-10-10T13:12:28.6263590Z test live_evidence::git_tool_path_tests::context_reports_the_executable_resolution_stage ... ok
2026-10-10T13:12:28.6265840Z test live_evidence::git_tool_path_tests::local_drive_names_are_preserved_without_lossy_conversion ... ok
2026-10-10T13:12:28.6272450Z test live_evidence::git_tool_path_tests::namespaces_and_non_absolute_paths_are_rejected ... ok
2026-10-10T13:12:28.6274400Z test live_evidence::git_tool_path_tests::one_trailing_directory_separator_is_preserved ... ok
2026-10-10T13:12:28.6276220Z test live_evidence::git_tool_path_tests::only_the_verbatim_drive_prefix_is_removed ... ok
2026-10-10T13:12:28.6283520Z test live_evidence::git_tool_path_tests::ordinary_tool_paths_have_an_explicit_utf16_limit ... ok
2026-10-10T13:12:28.6289880Z test live_evidence::git_tool_path_tests::raw_dot_steps_and_names_changed_by_win32_are_rejected ... ok
2026-10-10T13:12:28.6293440Z test live_evidence::git_tool_path_tests::reserved_devices_are_rejected_even_with_extensions_and_case_variants ... ok
2026-10-10T13:12:28.6296920Z test live_evidence::git_tool_path_tests::unix_native_bytes_are_not_changed_or_normalized ... ok
2026-10-10T13:12:28.6613040Z test live_evidence::git_system_configuration_tests::missing_and_shell_metacharacter_names_are_returned_exactly_without_creation ... ok
2026-10-10T13:12:29.2652630Z test live_evidence::git_stash_tests::valid_stash_ref_without_raw_log_has_zero_listed_stashes ... ok
2026-10-10T13:12:30.1459530Z test live_evidence::git_view_race_tests::live_attribute_macro_activating_unused_process_driver_is_unsupported ... ok
2026-10-10T13:12:30.2491340Z test live_evidence::git_view_race_tests::live_attribute_macro_activating_unused_clean_driver_is_unsupported ... ok
2026-10-10T13:12:30.6119150Z test live_evidence::git_worktree_capture_tests::captured_file_body_is_not_read_from_replacement_source_root ... ok
2026-10-10T13:12:30.7069810Z test live_evidence::git_worktree_capture_tests::captured_attributes_do_not_change_after_source_rewrite ... ok
2026-10-10T13:12:30.8456600Z test live_evidence::git_view_race_tests::replaced_source_config_cannot_execute_after_private_view_capture ... ok
2026-10-10T13:12:30.9556110Z test live_evidence::git_worktree_capture_tests::scoped_session_cumulates_input_budget_and_latches_failure ... ok
2026-10-10T13:12:31.1652830Z test live_evidence::git_worktree_capture_tests::captured_status_does_not_enumerate_replacement_source_root ... ok
2026-10-10T13:12:31.1715030Z
2026-10-10T13:12:31.1716230Z test live_evidence::git_worktree_capture_tests::captured_nested_directory_and_ignore_rules_do_not_reopen_source ... ok
2026-10-10T13:12:31.1718990Z thread 'live_evidence::probe_failure_assertion::tests::cleanup_reason_cannot_substitute_for_original_failure' (141165) panicked at crates/diskgraph-engine/src/live_evidence/probe_failure_assertion.rs:21:5:
2026-10-10T13:12:31.1721180Z test live_evidence::probe_failure::tests::native_io_projection_preserves_legacy_text_and_cancelled_primary ... ok
2026-10-10T13:12:31.1737940Z original probe failure with retained cleanup: Cleanup { primary: OutputLimit, cleanup: Deadline }
2026-10-10T13:12:31.1739710Z test live_evidence::probe_failure::tests::nested_os_cleanup_is_mapped_without_changing_the_original_probe_diagnostic ... ok
2026-10-10T13:12:31.1740640Z
2026-10-10T13:12:31.1742000Z thread 'live_evidence::probe_failure_assertion::tests::cleanup_reason_cannot_substitute_for_original_failure' (141165) panicked at crates/diskgraph-engine/src/live_evidence/probe_failure_assertion.rs:11:18:
2026-10-10T13:12:31.1743750Z probe unexpectedly succeeded
2026-10-10T13:12:31.1744740Z test live_evidence::probe_failure::tests::original_probe_checkpoint_and_cleanup_errors_keep_their_types_and_text ... ok
2026-10-10T13:12:31.1746260Z test live_evidence::probe_failure_assertion::tests::cleanup_reason_cannot_substitute_for_original_failure ... ok
2026-10-10T13:12:31.1747670Z test live_evidence::probe_failure_assertion::tests::nested_cleanup_preserves_the_expected_primary ... ok
2026-10-10T13:12:31.3354740Z test live_evidence::git_worktree_capture_tests::source_file_change_rejects_terminal_result_after_isolated_command ... ok
2026-10-10T13:12:31.3369450Z test live_evidence::probe_output_tests::cancellation_after_collection_remains_primary_when_cleanup_fails ... ok
2026-10-10T13:12:31.3371340Z test live_evidence::probe_output_tests::cleaned_nonzero_output_preserves_existing_git_fallback_contract ... ok
2026-10-10T13:12:31.3415380Z test live_evidence::probe_output_tests::deadline_after_collection_remains_primary_when_cleanup_fails ... ok
2026-10-10T13:12:31.3419940Z test live_evidence::probe_output_tests::latched_error_clone_shares_charged_stderr_and_keeps_product_error_bounded ... ok
2026-10-10T13:12:31.3421970Z test live_evidence::probe_output_tests::nonzero_exit_keeps_command_error_and_original_cleanup_failure ... ok
2026-10-10T13:12:31.3423330Z test live_evidence::probe_output_tests::successful_exit_still_refuses_unconfirmed_cleanup ... ok
2026-10-10T13:12:31.4409730Z test live_evidence::probe_tests::a_failed_cleanup_is_reported_with_the_primary_failure ... ok
2026-10-10T13:12:31.4681190Z test live_evidence::probe_tests::a_host_that_auto_reaps_is_refused_without_changing_its_signal_policy ... ok
2026-10-10T13:12:31.5213050Z test live_evidence::probe_tests::abnormal_termination_is_a_failed_observation ... ok
2026-10-10T13:12:31.5648500Z test live_evidence::probe_tests::an_argument_with_nul_is_rejected_before_a_child_executes ... ok
2026-10-10T13:12:31.6300030Z test live_evidence::probe_tests::an_escaped_leader_is_terminated_without_signalling_its_new_group ... ok
2026-10-10T13:12:31.6412530Z test live_evidence::probe_isolation_tests::cancelling_one_sample_does_not_terminate_another ... ok
2026-10-10T13:12:31.7522110Z test live_evidence::probe_tests::both_streams_are_drained_while_the_child_runs ... ok
2026-10-10T13:12:32.0230190Z test live_evidence::probe_tests::cancellation_before_spawn_and_during_wait_is_not_success ... ok
2026-10-10T13:12:32.1291790Z test live_evidence::probe_tests::command_outputs_accumulate_in_the_sample_budget ... ok
2026-10-10T13:12:32.2826410Z test live_evidence::git_status_output_tests::wide_status_child_fixture ... WIDE_STATUS_COMPLETE: records=8192 bytes=1220608 limit=1048576
2026-10-10T13:12:32.2830330Z test live_evidence::git_status_output_tests::real_wide_status_exhausts_default_output_without_partial_sample_or_private_data ... ok
2026-10-10T13:12:32.3439620Z test live_evidence::probe_tests::an_exited_leader_does_not_make_inherited_pipes_complete ... ok
2026-10-10T13:12:32.3774000Z test live_evidence::probe_tests::continuous_output_does_not_starve_deadline_checks ... ok
2026-10-10T13:12:32.3879660Z test live_evidence::probe_tests::deadline_applies_to_a_silent_child ... ok
2026-10-10T13:12:32.4873030Z test live_evidence::probe_tests::native_argv_and_explicit_environment_preserve_their_contract ... ok
2026-10-10T13:12:32.4875870Z test live_evidence::probe_tests::exact_and_zero_output_limits_do_not_fake_eof ... ok
2026-10-10T13:12:32.5272650Z test live_evidence::probe_tests::output_is_not_retained_beyond_the_limit ... ok
2026-10-10T13:12:32.5273670Z test live_evidence::probe_tests::probe_child_fixture ... ok
2026-10-10T13:12:32.5445790Z test live_evidence::probe_tests::spawn_failure_is_sticky_and_stops_later_commands ... ok
2026-10-10T13:12:32.5680610Z test live_evidence::probe_tests::stdout_and_stderr_share_one_byte_limit ... ok
2026-10-10T13:12:32.5853620Z
2026-10-10T13:12:32.5854510Z test live_evidence::process_allocation_tests::repeated_handles_do_not_multiply_command_allocations ... ok
2026-10-10T13:12:32.5857450Z running 1 test
2026-10-10T13:12:32.5858310Z test live_evidence::process_output_tests::a_display_escape_cannot_impersonate_a_native_path ... ok
2026-10-10T13:12:32.5861070Z test live_evidence::process_allocation_tests::repeated_handles_do_not_multiply_command_allocations ... input_bytes=53254, cumulative_allocated_bytes=16906
2026-10-10T13:12:32.5876290Z test live_evidence::process_output_tests::a_literal_deleted_suffix_cannot_impersonate_a_different_requested_path ... ok
2026-10-10T13:12:32.5880050Z ok
2026-10-10T13:12:32.5881880Z
2026-10-10T13:12:32.5882990Z test live_evidence::process_output_tests::a_literal_deleted_suffix_is_unknown_without_reliable_identity ... ok
2026-10-10T13:12:32.5885680Z test result: ok. 1 passed; 0 failed; 0 ignored; 0 measured; 786 filtered out; finished in 0.00s
2026-10-10T13:12:32.5894750Z
2026-10-10T13:12:32.5895430Z test live_evidence::process_output_tests::a_multibyte_tag_is_unobservable_without_panicking ... ok
2026-10-10T13:12:32.5898240Z
2026-10-10T13:12:32.8207770Z test live_evidence::probe_tests::normal_success_also_cleans_ordinary_descendants ... ok
2026-10-10T13:12:32.8211920Z test live_evidence::process_output_tests::a_successful_empty_probe_cannot_prove_complete_visibility ... ok
2026-10-10T13:12:32.8222290Z test live_evidence::process_output_tests::ambiguous_names_do_not_erase_other_positive_observations ... ok
2026-10-10T13:12:32.8229200Z test live_evidence::process_output_tests::an_exit_one_empty_probe_cannot_prove_complete_visibility ... ok
2026-10-10T13:12:32.8233890Z test live_evidence::process_output_tests::an_invalid_utf8_tag_is_unobservable_without_panicking ... ok
2026-10-10T13:12:32.8243340Z test live_evidence::process_output_tests::an_observed_context_still_checks_later_ambiguous_and_malformed_records ... ok
2026-10-10T13:12:32.8247310Z test live_evidence::process_output_tests::an_unterminated_record_is_unobservable ... ok
2026-10-10T13:12:32.8251850Z test live_evidence::process_output_tests::malformed_pid_or_missing_context_is_unobservable ... ok
2026-10-10T13:12:32.8254290Z test live_evidence::process_output_tests::non_utf8_paths_stay_unknown_without_lossy_aliases ... ok
2026-10-10T13:12:32.8259510Z test live_evidence::process_output_tests::ordinary_field_separators_and_fd_metadata_remain_compatible ... ok
2026-10-10T13:12:32.8262310Z test live_evidence::process_output_tests::positive_observations_survive_unverified_coverage ... ok
2026-10-10T13:12:32.8265820Z test live_evidence::process_output_tests::repeated_contexts_keep_sorted_unique_pid_and_command_observations ... ok
2026-10-10T13:12:32.8269160Z test live_evidence::tests::a_missing_probe_is_unobservable_never_nobody ... ok
2026-10-10T13:12:32.9039370Z test live_evidence::process_output_tests::a_real_lsof_escaped_path_cannot_impersonate_a_different_native_path ... ok
2026-10-10T13:12:32.9065740Z test live_evidence::tests::the_polling_watcher_reports_added_modified_removed_and_overflow ... ok
2026-10-10T13:12:32.9637140Z test live_evidence::tests::the_usage_sample_sees_the_test_process_own_open_file ... ok
2026-10-10T13:12:32.9640240Z test macos_engine_scan_fixture_tests::macos_engine_installed_scan_publishes_revision_and_relations ... ignored, requires ordinary UID ephemeral macOS CI installed candidate fixture
2026-10-10T13:12:32.9642660Z test macos_engine_scan_fixture_tests::macos_engine_postbirth_panic_preserves_payload_and_recovery ... ignored, requires ordinary UID ephemeral macOS CI installed candidate fixture
2026-10-10T13:12:32.9645030Z test macos_engine_scan_fixture_tests::macos_engine_response_exhaustion_has_no_partial_revision ... ignored, requires ordinary UID ephemeral macOS CI installed candidate fixture
2026-10-10T13:12:32.9651280Z response fixture actual tree=992 bytes, admitted stream=512, hello+budget-terminal=229
2026-10-10T13:12:32.9655710Z test macos_engine_scan_fixture_tests::macos_response_fixture_admits_terminal_but_rejects_actual_tree_encoding ... ok
2026-10-10T13:12:32.9666970Z test macos_epoch_floor_tests::binding_is_independent_of_json_whitespace_and_order ... ok
2026-10-10T13:12:32.9672300Z test macos_epoch_floor_tests::canonical_binding_has_versioned_fixed_vector ... ok
2026-10-10T13:12:32.9675920Z test macos_epoch_floor_tests::floor_rejects_duplicate_unknown_zero_and_oversized_records ... ok
2026-10-10T13:12:32.9695240Z test macos_epoch_floor_tests::independent_floor_rejects_rollback_and_every_changed_trust_field ... ok
2026-10-10T13:12:32.9698100Z test macos_filesystem_state_tests::directory_binding_tolerates_child_bookkeeping_but_preserves_identity_and_security ... ok
2026-10-10T13:12:32.9706920Z test macos_filesystem_state_tests::generic_regular_material_does_not_require_execute_permission ... ok
2026-10-10T13:12:32.9716720Z test macos_filesystem_state_tests::hard_linked_regular_file_is_rejected ... ok
2026-10-10T13:12:32.9728380Z test macos_filesystem_state_tests::held_descriptor_keeps_original_identity_after_name_replacement ... ok
2026-10-10T13:12:33.0203240Z test macos_filesystem_state_tests::native_acl_adapter_rejects_mutation_allow_without_ignoring_deny_or_read_only_acl ... ok
2026-10-10T13:12:33.0213650Z test macos_filesystem_state_tests::non_root_owned_file_is_rejected ... ok
2026-10-10T13:12:33.0219150Z test macos_filesystem_state_tests::object_kind_group_world_write_and_setid_are_rejected ... ok
2026-10-10T13:12:33.0222550Z test macos_filesystem_state_tests::system_root_directory_and_executable_have_supported_metadata_only ... ok
2026-10-10T13:12:33.0226170Z test macos_host_admission_tests::fixed_installation_constructor_preserves_original_cancellation ... ok
2026-10-10T13:12:33.0228760Z test macos_host_admission_tests::ordinary_file_constructor_never_acquires_mac_execution_qualification ... ok
2026-10-10T13:12:33.0234630Z test macos_host_admission_tests::running_epoch_check_preserves_cancellation_and_rejects_ordinary_file_host ... ok
2026-10-10T13:12:33.0236150Z test macos_host_settings_tests::protected_settings_preserve_lossless_paths_and_independent_expectations ... ok
2026-10-10T13:12:33.0238990Z test macos_host_settings_tests::settings_reject_duplicate_and_oversized_configuration ... ok
2026-10-10T13:12:33.0261290Z test macos_host_settings_tests::settings_reject_rollback_unknown_fields_and_unsafe_material ... ok
2026-10-10T13:12:33.0339200Z test macos_install_receipt_tests::authentic_receipt_preserves_native_non_utf8_path_and_identity ... ok
2026-10-10T13:12:33.1581260Z test macos_install_receipt_tests::every_claim_is_authenticated_and_json_order_is_irrelevant ... ok
2026-10-10T13:12:33.1602480Z test macos_install_receipt_tests::malformed_unknown_duplicate_and_unbounded_receipts_are_rejected ... ok
2026-10-10T13:12:33.1691520Z test macos_install_receipt_tests::receipt_rejects_untrusted_signature_and_wrong_signature_length ... ok
2026-10-10T13:12:33.2298620Z test macos_install_receipt_tests::signed_paths_must_be_strictly_below_trusted_root ... ok
2026-10-10T13:12:33.2461680Z test macos_install_receipt_tests::signed_zero_oversized_and_malformed_claim_lengths_are_rejected ... ok
2026-10-10T13:12:33.2481470Z test macos_install_receipt_tests::trust_rejects_weak_keys_zero_epoch_and_ambiguous_roots ... ok
2026-10-10T13:12:33.3375330Z test macos_install_receipt_tests::valid_signature_cannot_bypass_semantic_bindings ... ok
2026-10-10T13:12:33.3378240Z test macos_installation_bootstrap_tests::bootstrap_preserves_original_cancel_before_privilege_or_paths ... ok
2026-10-10T13:12:33.3380480Z test macos_installation_bootstrap_tests::expired_bootstrap_budget_precedes_filesystem_mutation ... ok
2026-10-10T13:12:33.3382290Z test macos_installation_bootstrap_tests::ordinary_identity_cannot_create_protected_installation_layout ... ok
2026-10-10T13:12:33.3573770Z test macos_installation_lease_tests::checkpoint_cancellation_during_revalidation_does_not_become_success ... ok
2026-10-10T13:12:33.3635880Z test macos_installation_lease_tests::original_checkpoint_error_and_expired_deadline_are_preserved ... ok
2026-10-10T13:12:33.4541130Z test macos_installation_lease_tests::real_digest_and_each_native_identity_must_match_signed_claims ... ok
2026-10-10T13:12:33.4676500Z test macos_installation_lease_tests::signed_non_utf8_missing_path_is_rejected_by_native_lookup_not_unicode_conversion ... ok
2026-10-10T13:12:33.4821730Z test macos_installation_lease_tests::signed_private_leaf_cannot_bypass_unsafe_or_user_owned_ancestor ... ok
2026-10-10T13:12:33.5055130Z test macos_installation_lease_tests::system_image_admits_and_revalidates_original_fds_without_claiming_fresh_installation ... ok
2026-10-10T13:12:33.5079110Z
2026-10-10T13:12:33.5079920Z test macos_installation_lock_tests::denied_post_acquisition_checkpoint_unlocks_with_surviving_reference ... ok
2026-10-10T13:12:33.5087210Z thread 'macos_installation_lock_tests::post_acquisition_panic_unlocks_original_guard_before_outer_catch' (142105) panicked at crates/diskgraph-engine/src/macos_installation_lock_tests.rs:249:21:
2026-10-10T13:12:33.5089260Z test macos_installation_lock_tests::dropping_guard_unlocks_before_a_surviving_kernel_reference_closes ... ok
2026-10-10T13:12:33.5111780Z Box<dyn Any>
2026-10-10T13:12:33.5112640Z test macos_installation_lock_tests::dropping_shared_guard_releases_same_kernel_lock_without_clone ... ok
2026-10-10T13:12:33.5118090Z test macos_installation_lock_tests::exclusive_fixture ... ok
2026-10-10T13:12:33.5122360Z test macos_installation_lock_tests::post_acquisition_panic_unlocks_original_guard_before_outer_catch ... ok
2026-10-10T13:12:33.5593240Z test macos_installation_lock_tests::real_cross_process_contention_expires_at_original_deadline ... ok
2026-10-10T13:12:33.5965910Z test macos_installation_lock_tests::real_cross_process_contention_preserves_original_cancel ... ok
2026-10-10T13:12:33.5967960Z test macos_installation_lock_tests::updater_lock_preserves_original_cancel_and_rejects_unprivileged_identity ... ok
2026-10-10T13:12:33.6132040Z test macos_installation_publisher_tests::failure_after_floor_rename_keeps_new_floor_and_old_active_without_rollback ... ok
2026-10-10T13:12:33.6189730Z test macos_installation_publisher_tests::fresh_file_creation_never_reuses_or_follows_existing_inode ... ok
2026-10-10T13:12:33.6400160Z test macos_installation_publisher_tests::held_source_is_copied_in_bounded_chunks_without_changing_its_offset ... ok
2026-10-10T13:12:33.6524450Z test macos_installation_publisher_tests::interrupted_pair_can_finish_active_without_replacing_the_committed_floor ... ok
2026-10-10T13:12:33.6529660Z test macos_installation_publisher_tests::ordinary_caller_cannot_reach_fixed_installation_writes ... ok
2026-10-10T13:12:33.6541320Z test macos_installation_publisher_tests::previous_independent_floor_cannot_be_downgraded_rebuilt_or_partially_ignored ... ok
2026-10-10T13:12:33.6801000Z test macos_installation_publisher_tests::real_two_phase_publication_consumes_only_new_staging_names ... ok
2026-10-10T13:12:33.6817870Z test macos_installation_publisher_tests::recovery_only_accepts_exact_floor_bound_pending_without_rebuilding_corrupt_floor ... ok
2026-10-10T13:12:33.6819490Z test macos_installation_publisher_tests::recovery_preserves_cancellation_before_touching_system_paths ... ok
2026-10-10T13:12:33.6826360Z test macos_installation_publisher_tests::root_only_publisher_preserves_original_cancellation_before_privilege_or_paths ... ok
2026-10-10T13:12:33.6840040Z test macos_installation_publisher_tests::wrong_independent_hash_never_creates_receipt_or_active_material ... ok
2026-10-10T13:12:33.6842360Z test macos_installation_root_fixture_tests::root_fresh_install_update_interruption_and_floor_bound_recovery ... ignored, requires root ephemeral macOS CI
2026-10-10T13:12:33.6846230Z test macos_installed_worker_fixture_tests::macos_installed_helper_original_cancel_after_birth_is_reaped ... ignored, requires ordinary UID ephemeral CI installed fixture
2026-10-10T13:12:33.6849330Z test macos_installed_worker_fixture_tests::macos_installed_helper_original_panic_after_birth_keeps_recovery_responsibility ... ignored, requires ordinary UID ephemeral CI installed fixture
2026-10-10T13:12:33.6854470Z test macos_installed_worker_fixture_tests::macos_installed_helper_returns_complete_tree_after_real_normal_wait ... ignored, requires ordinary UID ephemeral CI installed fixture
2026-10-10T13:12:33.6861750Z test macos_installed_worker_fixture_tests::macos_worker_request_roundtrip_preserves_non_utf8_native_path_without_filesystem ... ok
2026-10-10T13:12:33.6868340Z test macos_load_policy_tests::actual_cargo_macho_is_checked_from_original_handle ... ok
2026-10-10T13:12:33.6903910Z test macos_load_policy_tests::alternate_dylib_use_encoding_cannot_smuggle_weak_or_reexport_modes ... ok
2026-10-10T13:12:33.6910240Z test macos_load_policy_tests::command_reads_preserve_shared_file_position_and_original_midread_cancellation ... ok
2026-10-10T13:12:33.6924940Z test macos_load_policy_tests::embedded_environment_runpaths_and_alternate_loaders_are_rejected ... ok
2026-10-10T13:12:33.7025500Z test macos_load_policy_tests::fixed_absolute_system_dependencies_are_accepted ... ok
2026-10-10T13:12:33.7031540Z test macos_load_policy_tests::malformed_command_counts_sizes_offsets_and_architectures_are_rejected ... ok
2026-10-10T13:12:33.7050760Z test macos_load_policy_tests::original_checkpoint_error_is_preserved_before_image_read ... ok
2026-10-10T13:12:33.7057360Z test macos_load_policy_tests::variable_and_unapproved_dependencies_are_rejected ... ok
2026-10-10T13:12:33.7062530Z test macos_protected_document_tests::actual_root_owned_document_is_read_bounded_without_following_etc_alias ... ok
2026-10-10T13:12:33.7069610Z test macos_protected_document_tests::protected_document_cannot_expand_budget_or_accept_user_owned_parent ... ok
2026-10-10T13:12:33.7071290Z test macos_protected_document_tests::protected_document_preserves_original_cancellation_before_any_open ... ok
2026-10-10T13:12:33.7072800Z test native_child::checkpoint_tests::checkpoint_before_any_os_creation_preserves_a_non_clone_original_error ... ok
2026-10-10T13:12:33.7080550Z test native_child::checkpoint_tests::generic_non_clone_checkpoint_failure_runs_after_real_child_creation_and_cleanup ... ok
2026-10-10T13:12:33.7349470Z test native_child::macos_group_query_tests::lost_retained_leader_is_unknown_without_a_second_query ... ok
2026-10-10T13:12:33.7881790Z test native_child::macos_group_query_tests::naturally_disappeared_member_requires_a_fresh_complete_view ... ok
2026-10-10T13:12:33.8775240Z test native_child::macos_group_query_tests::second_disappeared_member_remains_unknown_without_a_third_sample ... ok
2026-10-10T13:12:33.9199850Z test native_child::macos_group_query_tests::terminal_group_checks_reject_live_members_and_accept_retained_zombies ... ok
2026-10-10T13:12:33.9552900Z test native_child::macos_native_launcher_tests::expired_prebirth_request_does_not_fill_external_owner ... ok
2026-10-10T13:12:33.9954010Z test native_child::macos_native_launcher_tests::fixed_native_cat_stream_normal_wait_and_lease_survive_until_owner_release ... ok
2026-10-10T13:12:34.0302470Z test native_child::macos_native_launcher_tests::native_birth_keeps_live_owner_outside_postcheck_and_reaps_original_process ... ok
2026-10-10T13:12:34.0746360Z test native_child::macos_native_launcher_tests::occupied_birth_gate_cancels_native_launch_before_external_owner_is_filled ... ok
2026-10-10T13:12:34.1083430Z
2026-10-10T13:12:34.1086130Z thread 'native_child::macos_native_launcher_tests::panic_after_birth_keeps_original_payload_and_owner_for_outer_cleanup' (142286) panicked at crates/diskgraph-engine/src/native_child/macos_native_launcher_tests.rs:159:13:
2026-10-10T13:12:34.1088100Z Box<dyn Any>
2026-10-10T13:12:34.1089060Z test native_child::macos_native_launcher_tests::panic_after_birth_keeps_original_payload_and_owner_for_outer_cleanup ... ok
2026-10-10T13:12:34.1409800Z
2026-10-10T13:12:34.1414140Z thread 'native_child::macos_native_launcher_tests::qualified_native_birth_holds_update_lock_until_real_birth_and_releases_on_panic' (142292) panicked at crates/diskgraph-engine/src/native_child/macos_native_launcher_tests.rs:253:17:
2026-10-10T13:12:34.1416740Z test native_child::macos_native_launcher_tests::qualified_native_birth_holds_update_lock_until_real_birth_and_releases_on_panic ... ok
2026-10-10T13:12:34.1418530Z qualified birth panic
2026-10-10T13:12:34.1704740Z test native_child::macos_registry_deadline_tests::expired_recovery_deadline_retains_live_original_and_capacity_without_signaling ... ok
2026-10-10T13:12:36.0724140Z test live_evidence::tests::git_samples_dirty_stash_and_upstream_honestly ... ok
2026-10-10T13:12:36.0781770Z test native_child::native_birth_gate_tests::cancellation_at_gate_handoff_cannot_be_skipped_by_successful_acquisition ... ok
2026-10-10T13:12:36.0790990Z test native_child::native_birth_gate_tests::contended_admission_rejection_does_not_advance_lifecycle_callback ... ok
2026-10-10T13:12:36.2869110Z test live_evidence::macos_probe_tests::exiting_leaders_are_reaped_even_when_darwin_reports_eperm ... ok
2026-10-10T13:12:36.3127250Z test native_child::native_birth_gate_tests::gate_wait_observes_original_budget_error_without_restarting_request_window ... ok
2026-10-10T13:12:36.3692940Z test native_child::native_birth_gate_tests::occupied_gate_expires_at_original_absolute_deadline ... ok
2026-10-10T13:12:36.4020530Z test native_child::native_birth_gate_tests::contended_legacy_birth_keeps_postbirth_checkpoint_after_actual_creation ... ok
2026-10-10T13:12:36.4029070Z test native_child::native_birth_gate_tests::real_raw_pipe_window_blocks_controlled_birth_until_cloexec_preparation_finishes ... ok
2026-10-10T13:12:36.4043590Z test native_child::native_birth_gate_tests::waiting_gate_preserves_non_clone_original_checkpoint_and_creates_no_process ... ok
2026-10-10T13:12:36.4060670Z test native_child::native_io_error_tests::actual_failed_file_open_keeps_original_os_error_in_source_chain ... ok
2026-10-10T13:12:36.4063810Z test native_child::native_io_error_tests::cloned_native_failure_shares_the_original_custom_payload_and_kind ... ok
2026-10-10T13:12:36.4065280Z test native_child::native_io_error_tests::native_primary_and_actual_cleanup_errors_remain_separate ... ok
2026-10-10T13:12:36.4066380Z test native_child::unix_control_fixture::stdin_fixture ... ok
2026-10-10T13:12:36.4067640Z test native_child::native_birth_gate_tests::raw_pipe_panic_closes_original_descriptors_and_poison_does_not_break_next_birth ... ok
2026-10-10T13:12:36.4283830Z test native_child::unix_control_input_tests::binary_fragments_reach_child_stdin_then_close_delivers_real_eof ... ok
2026-10-10T13:12:36.4565530Z test native_child::unix_control_input_tests::closed_peer_returns_real_broken_pipe_without_changing_host_sigpipe ... ok
2026-10-10T13:12:36.4771630Z test native_child::unix_control_input_tests::close_discards_only_unsent_pending_chunk_and_child_receives_eof ... ok
2026-10-10T13:12:36.4887630Z test native_child::unix_control_input_tests::dropping_pending_control_owner_reaps_the_actual_live_child ... ok
2026-10-10T13:12:36.5513680Z test native_child::unix_control_input_tests::isolated_default_sigpipe_host_survives_actual_peer_closed_write ... ok
2026-10-10T13:12:36.5544420Z test native_child::unix_control_input_tests::explicit_null_preserves_two_checkpoints_and_all_control_methods_are_unsupported ... ok
2026-10-10T13:12:36.5831120Z test native_child::unix_control_input_tests::real_backpressure_keeps_one_owned_chunk_and_pending_only_polls ... ok
2026-10-10T13:12:36.5835390Z test native_child::unix_control_input_tests::worker_control_first_checkpoint_rejects_before_real_child_creation ... ok
2026-10-10T13:12:36.5984950Z test native_child::unix_leader_tests::native_and_standard_poll_wait_keep_live_owner_and_cache_only_actual_reaping ... ok
2026-10-10T13:12:36.6111900Z test native_child::unix_leader_tests::native_child_wait_consumes_only_original_pid_and_keeps_cached_exit_status ... ok
2026-10-10T13:12:36.6391390Z test native_child::unix_control_input_tests::worker_control_checkpoint_failure_keeps_original_non_clone_error_and_real_reap ... ok
2026-10-10T13:12:36.6393200Z test native_child::unix_leader_tests::nonpositive_native_pid_isolated_fixture ... ignored, invoked by the real isolated ownership regression
2026-10-10T13:12:36.6416560Z test native_child::unix_leader_tests::standard_child_wait_is_cached_after_actual_reaping ... ok
2026-10-10T13:12:36.6417650Z test native_child::unix_normal_exit_fixture::normal_fixture ... ok
2026-10-10T13:12:36.7124850Z test native_child::unix_normal_exit_tests::checkpoint_primary_is_non_clone_and_does_not_terminate_a_live_group ... ok
2026-10-10T13:12:36.7772080Z test native_child::unix_normal_exit_tests::deadline_drain_group_failure_and_late_reap_keep_original_slot_on_every_retry ... ok
2026-10-10T13:12:36.8235420Z test native_child::unix_normal_exit_tests::end_and_pipe_eof_do_not_permit_reaping_a_live_leader ... ok
2026-10-10T13:12:36.8861760Z test native_child::unix_normal_exit_tests::exited_retained_leader_and_eof_do_not_hide_a_live_ordinary_descendant ... ok
2026-10-10T13:12:36.9326970Z test native_child::unix_normal_exit_tests::external_reap_loses_normal_permission_and_refuses_old_numeric_group_cleanup ... ok
2026-10-10T13:12:37.0047570Z test native_child::unix_normal_exit_tests::group_termination_failure_retains_original_leader_and_capacity_until_retry ... ok
2026-10-10T13:12:37.0573620Z test native_child::unix_normal_exit_tests::later_checkpoint_error_does_not_consume_the_retained_leader ... ok
2026-10-10T13:12:37.0910720Z test native_child::unix_normal_exit_tests::normal_wait_external_reap_immediately_revokes_numeric_group_cleanup ... ok
2026-10-10T13:12:37.1272420Z test native_child::unix_normal_exit_tests::old_configured_command_has_no_qualified_normal_exit_permission ... ok
2026-10-10T13:12:37.2299690Z test native_child::unix_normal_exit_tests::two_sessions_have_independent_normal_exit_permissions ... ok
2026-10-10T13:12:37.2308360Z test native_process::bounded_open_retry_tests::non_retryable_error_is_immediate ... ok
2026-10-10T13:12:37.2316180Z test native_process::bounded_open_retry_tests::original_denial_stops_before_retry ... ok
2026-10-10T13:12:37.2322970Z test native_process::bounded_open_retry_tests::persistent_native_race_has_finite_attempts ... ok
2026-10-10T13:12:37.2389270Z test native_process::bounded_open_retry_tests::successful_value_is_dropped_when_original_check_expires ... ok
2026-10-10T13:12:37.2406920Z test native_process::bounded_open_retry_tests::transient_native_race_recovers_without_resetting_check ... ok
2026-10-10T13:12:37.2615090Z DG_NONPOSITIVE_WAIT_FIXTURE_VERIFIED pid=0,-1,-42
2026-10-10T13:12:37.2618260Z test native_child::unix_leader_tests::nonpositive_native_pid_cannot_reap_an_unrelated_child ... ok
2026-10-10T13:12:37.4005720Z test policy_service::deadline_tests::policy_capture_preserves_nonbudget_database_failure ... ok
2026-10-10T13:12:37.5795080Z test live_evidence::probe_tests::multiple_commands_do_not_reset_the_deadline ... ok
2026-10-10T13:12:38.1903040Z test native_child::macos_registry_deadline_tests::rapid_recovery_polling_keeps_original_owner_until_actual_reap ... ok
2026-10-10T13:12:38.4825260Z test policy_service::deadline_tests::full_policy_capture_maps_actual_vm_deadline_to_budget ... ok
2026-10-10T13:12:38.5840920Z test policy_service::deadline_tests::principal_policy_capture_maps_actual_vm_deadline_to_budget ... ok
2026-10-10T13:12:38.6967830Z test process_fence_priority_tests::current_owner_and_live_metadata_grant_still_gate_unexpired_work ... ok
2026-10-10T13:12:38.9230730Z test process_fence_priority_tests::live_public_claim_and_original_authority_reach_fence_work ... ok
2026-10-10T13:12:38.9233980Z test queries::tests::explore_respects_a_tight_node_budget ... ok
2026-10-10T13:12:38.9237280Z test queries::tests::explore_summarises_children_with_coverage ... ok
2026-10-10T13:12:38.9751130Z test process_entry_budget_tests::process_entry_control_contention_is_bounded_across_the_whole_original_request ... ok
2026-10-10T13:12:38.9754450Z test queries::tests::impact_follows_relation_direction_not_undirected_reach ... ok
2026-10-10T13:12:38.9756690Z test queries::tests::impact_rejects_a_zero_budget ... ok
2026-10-10T13:12:38.9758620Z test queries::tests::impact_reports_that_an_edge_budget_made_the_answer_partial ... ok
2026-10-10T13:12:38.9760790Z test queries::tests::impact_stops_at_the_edge_budget ... ok
2026-10-10T13:12:38.9762750Z test queries::tests::impact_uses_the_declared_bidirectional_relations ... ok
2026-10-10T13:12:38.9767950Z test queries::tests::paged_impact_does_not_claim_completion_when_edges_remain_unread ... ok
2026-10-10T13:12:38.9769620Z test queries::tests::protected_and_same_content_relations_never_propagate ... ok
2026-10-10T13:12:38.9771310Z test queries::tests::search_matches_names_and_paths_with_stable_order_and_paging ... ok
2026-10-10T13:12:39.0210460Z test queries::tests::impact_deadline_stops_before_fetching_the_second_direction ... ok
2026-10-10T13:12:39.0256580Z test recovery_slot::active_slot_tests::confirmed_cleanup_releases_lock_while_inherited_child_remains_alive ... ok
2026-10-10T13:12:39.0622830Z diskgraph: recovery slot_stage=open failed errno=Some(62) directory_links=Some(3) namespace=not_enoent entry=symlink entry_errno=None
2026-10-10T13:12:39.0624370Z test recovery_slot_entry_diagnostic::tests::missing_observation_does_not_create_the_slot ... ok
2026-10-10T13:12:39.0626910Z test recovery_slot_entry_diagnostic::tests::observes_entry_types_without_following_a_dangling_link ... ok
2026-10-10T13:12:39.0629020Z test recovery_slot_entry_diagnostic::tests::real_slot_failure_returns_original_open_error_and_keeps_entry ... ok
2026-10-10T13:12:39.0631620Z test relation_query_diagnostics_tests::isolated_positive_candidate_phase_costs ... ignored, isolated release metadata profiling; not native scan qualification
2026-10-10T13:12:39.0634270Z test recovery_slot::active_slot_tests::original_fd_write_anomaly_keeps_lock_and_refuses_retry_without_repair ... ok
2026-10-10T13:12:39.1504080Z diskgraph: authorization_budget_phase=grouped_initial_control elapsed_us=48700
2026-10-10T13:12:39.1505570Z diskgraph: authorization_cpu_phase=grouped_initial_control elapsed_us=48700 thread_cpu_us=47008
2026-10-10T13:12:39.1697930Z test relation_request::grouped_budget_tests::grouped_terminal_control_vm_expiry_is_a_business_budget ... ok
2026-10-10T13:12:39.2045600Z test process_fence_priority_tests::wrong_owner_is_rejected_before_unexpired_fence_work ... ok
2026-10-10T13:12:40.0648210Z test process_fence_priority_tests::original_expiry_remains_authority_denied_when_execution_deadline_already_elapsed ... ok
2026-10-10T13:12:40.4189990Z diskgraph: authorization_budget_phase=relation_callback_before_lock elapsed_us=11
2026-10-10T13:12:40.4195110Z diskgraph: authorization_cpu_phase=relation_callback_before_lock elapsed_us=11 thread_cpu_us=8
2026-10-10T13:12:41.4577300Z test relation_request_tests::actual_terminal_control_guard_wait_cannot_be_a_complete_empty_result ... ok
2026-10-10T13:12:42.7239590Z test relation_request_tests::an_independent_control_connection_can_revoke_the_scope_during_finish ... ok
2026-10-10T13:12:43.6685730Z test relation_request_tests::a_post_authorization_budget_failure_still_requires_live_terminal_authorization ... ok
2026-10-10T13:12:43.9871640Z test relation_request_tests::all_relation_answers_refuse_actual_scope_revoked_after_data_read ... ok
2026-10-10T13:12:44.1571960Z diskgraph: authorization_budget_phase=grouped_terminal_deadline elapsed_us=3
2026-10-10T13:12:44.1574690Z diskgraph: authorization_cpu_phase=grouped_terminal_deadline elapsed_us=3 thread_cpu_us=1
2026-10-10T13:12:44.3230820Z test relation_request_tests::expired_envelope_still_observes_live_authorization_without_renewing_data_deadline ... ok
2026-10-10T13:12:44.8460620Z test relation_request_tests::encoded_budget_failure_still_checks_the_real_terminal_revocation ... ok
2026-10-10T13:12:44.8476550Z test relation_request_tests::all_relation_answers_refuse_one_grant_revoked_while_another_scope_remains ... ok
2026-10-10T13:12:44.9265050Z test relation_request_tests::candidate_and_impact_data_expiry_after_read_keep_timely_authorized_prefixes ... ok
2026-10-10T13:12:45.0652710Z test relation_request_tests::history_terminal_ownership_opens_one_fresh_reader_per_observation_round ... ok
2026-10-10T13:12:45.1462700Z diskgraph: authorization_budget_phase=relation_callback_before_lock elapsed_us=6
2026-10-10T13:12:45.1464120Z diskgraph: authorization_cpu_phase=relation_callback_before_lock elapsed_us=6 thread_cpu_us=3
2026-10-10T13:12:45.1585010Z diskgraph: authorization_budget_phase=relation_callback_before_lock elapsed_us=7
2026-10-10T13:12:45.1586220Z diskgraph: authorization_cpu_phase=relation_callback_before_lock elapsed_us=7 thread_cpu_us=4
2026-10-10T13:12:45.1609010Z test relation_request_tests::original_terminal_control_lock_is_refused_before_holder_release ... ok
2026-10-10T13:12:45.2431510Z test relation_request_tests::shared_terminal_reader_checks_the_second_distinct_revision_ownership ... ok
2026-10-10T13:12:45.3976460Z test relation_request_tests::terminal_relation_and_history_revocation_still_precedes_result_delivery ... ok
2026-10-10T13:12:45.4429220Z test relation_request_tests::final_envelope_authorization_refuses_revocation_during_its_authorizer_call ... ok
2026-10-10T13:12:45.6011850Z test relation_request_tests::timely_terminal_callback_does_not_pay_for_post_callback_observation ... ok
2026-10-10T13:12:45.6629030Z test request_metadata_withdrawals_tests::absent_authorization_change_preserves_original_budget_failure ... ok
2026-10-10T13:12:45.7241670Z test request_metadata_withdrawals_tests::committed_local_withdrawal_remains_conflict_after_terminal_sql_expiry ... ok
2026-10-10T13:12:45.7879170Z test request_metadata_withdrawals_tests::committed_scope_withdrawal_survives_expired_terminal_sql ... ok
2026-10-10T13:12:45.8913110Z test request_metadata_withdrawals_tests::replacing_control_connection_does_not_borrow_its_committed_facts ... ok
2026-10-10T13:12:45.9607140Z test request_metadata_withdrawals_tests::unrelated_server_write_does_not_create_authorization_conflict ... ok
2026-10-10T13:12:46.1326080Z test relation_request_tests::history_data_expiry_after_read_keeps_real_rows_with_timely_capability ... ok
2026-10-10T13:12:46.6177060Z test relation_request_tests::the_minimum_diagnostic_must_fit_its_own_actual_json_budget ... ok
2026-10-10T13:12:47.1402610Z test revision_evidence_tests::ambiguous_legacy_evidence_refuses_claims_but_preserves_file_tree ... ok
2026-10-10T13:12:47.4747820Z test relation_request_tests::growth_data_expiry_with_timely_capability_is_timeout_for_unknown_and_cross_scope ... ok
2026-10-10T13:12:47.5342990Z test revision_evidence_tests::dependency_batches_do_not_reactivate_old_assertions ... ok
2026-10-10T13:12:47.6776290Z test revision_evidence_tests::old_revision_cannot_explain_newer_entities ... ok
2026-10-10T13:12:48.4640600Z test revision_evidence_tests::old_revision_cannot_read_newer_batch_from_the_same_snapshot ... ok
2026-10-10T13:12:48.5326220Z test revision_locator_tests::qualified_locator_large_raw_refuses_before_invalid_identity_decode ... ok
2026-10-10T13:12:48.5641840Z test revision_locator_tests::qualified_locator_denies_ungranted_subject_before_decoding_corrupt_raw ... ok
2026-10-10T13:12:48.7518760Z test revision_locator_tests::qualified_locator_legacy_row_requires_reindex_instead_of_display_fallback ... ok
2026-10-10T13:12:49.5959050Z test revision_locator_tests::qualified_locator_missing_node_is_not_an_unavailable_legacy_node ... ok
2026-10-10T13:12:49.7178750Z test revision_locator_tests::qualified_locator_reads_actual_published_node_without_display_addressing ... ok
2026-10-10T13:12:49.8394050Z test revision_locator_tests::qualified_locator_refuses_terminal_metadata_grant_revocation ... ok
2026-10-10T13:12:49.9097730Z test revision_reader_lock_gap_tests::continuous_revocation_between_initial_locks_has_denial_priority ... ok
2026-10-10T13:12:50.2514070Z test revision_reader_lock_gap_tests::known_terminal_withdrawal_wins_after_original_reader_deadline ... ok
2026-10-10T13:12:50.3350470Z terminal_contention: short_release_on_actual_wait=true, actual_hold=Some(118.404µs), callback=147.987µs, terminal=8.021324ms, request=10.133548ms; result=Ok(())
2026-10-10T13:12:50.4578760Z terminal_contention: short_release_on_actual_wait=false, actual_hold=None, callback=253.609µs, terminal=51.88266ms, request=54.084669ms; result=Err(Business(BudgetExceeded))
2026-10-10T13:12:50.6886480Z test revision_locator_tests::qualified_locator_preserves_original_deadline_through_terminal_authorization ... ok
2026-10-10T13:12:50.7814850Z test revision_locator_tests::qualified_locator_refuses_terminal_scope_revocation ... ok
2026-10-10T13:12:51.0477580Z test revision_reader_lock_gap_tests::terminal_reader_waits_for_brief_contention_but_keeps_its_observation_window ... ok
2026-10-10T13:12:51.5402400Z test revision_locator_tests::qualified_locator_scope_a_permission_cannot_read_scope_b_revision ... ok
2026-10-10T13:12:51.7472380Z test revision_windows_observation_tests::complete_windows_metadata_can_be_read_on_a_foreign_host_without_path_conversion ... ok
2026-10-10T13:12:51.9187430Z test revision_windows_observation_tests::windows_observation_denies_ungranted_subject_before_decoding_corrupt_raw ... ok
2026-10-10T13:12:52.1264010Z test revision_windows_observation_tests::windows_observation_large_raw_refuses_before_invalid_identity_decode ... ok
2026-10-10T13:12:52.6840610Z test revision_windows_observation_tests::windows_observation_legacy_row_reports_not_captured_without_inference ... ok
2026-10-10T13:12:52.9902300Z test revision_windows_observation_tests::windows_observation_missing_node_is_not_an_unavailable_legacy_node ... ok
2026-10-10T13:12:53.2528830Z test revision_windows_observation_tests::windows_observation_reads_actual_published_node_as_metadata ... ok
2026-10-10T13:12:53.7588660Z test revision_windows_observation_tests::windows_observation_refuses_terminal_metadata_grant_revocation ... ok
2026-10-10T13:12:54.1643800Z test revision_windows_observation_tests::windows_observation_preserves_original_deadline_through_terminal_authorization ... ok
2026-10-10T13:12:54.2312020Z test revision_windows_observation_tests::windows_observation_refuses_terminal_scope_revocation ... ok
2026-10-10T13:12:54.3686000Z
2026-10-10T13:12:54.3706540Z test runner::tests::stop_preserves_original_background_panic_payload ... ok
2026-10-10T13:12:54.3708150Z thread '<unnamed>' (144617) panicked at crates/diskgraph-engine/src/runner/tests.rs:130:13:
2026-10-10T13:12:54.3794430Z original-background-panic
2026-10-10T13:12:55.3758140Z test revision_windows_observation_tests::windows_observation_scope_a_permission_cannot_read_scope_b_revision ... ok
2026-10-10T13:12:55.3770170Z test scan_observation_batch::tests::empty_batch_never_calls_the_sampler ... ok
2026-10-10T13:12:55.4184660Z first strict tick: failed legacy=64, remaining=2, completed=None
2026-10-10T13:12:55.5073290Z diskgraph: scan stopped: StagingLimit after 2 nodes / 1318 charged bytes / 512 ms
2026-10-10T13:12:55.5140160Z test scan_locator_tests::scan_staging_budget_includes_raw_locator_storage_cost ... ok
2026-10-10T13:12:55.5145250Z
2026-10-10T13:12:55.5146200Z thread '<unnamed>' (144833) panicked at crates/diskgraph-engine/src/scan_observation_batch.rs:92:52:
2026-10-10T13:12:55.5147120Z Box<dyn Any>
2026-10-10T13:12:55.5148110Z test scan_observation_batch::tests::original_error_and_panic_payload_are_preserved ... ok
2026-10-10T13:12:55.5199840Z test scan_observation_batch::tests::four_bounded_workers_overlap_and_preserve_input_order ... ok
2026-10-10T13:12:55.8002120Z test scan_observation_deadline_tests::cancellation_and_original_stop_reason_interrupt_an_actual_control_wait ... ok
2026-10-10T13:12:55.9185000Z test scan_observation_deadline_tests::bounded_observation_preserves_cancel_permission_and_fence_denials ... ok
2026-10-10T13:12:56.0518100Z test scan_observation_deadline_tests::cancellation_interrupts_sqlite_fence_wait_and_preserves_keeper_reason ... ok
2026-10-10T13:12:56.0892710Z test scan_observation_deadline_tests::competing_sqlite_writer_cannot_extend_the_original_observation_budget ... ok
2026-10-10T13:12:56.0931540Z test scan_locator_tests::completed_scan_preserves_native_locator_bytes_and_own_mtime_after_reopen ... ok
2026-10-10T13:12:56.1315440Z test runner::tests::strict_tick_bounds_candidate_work_and_advances_past_legacy_jobs ... ok
2026-10-10T13:12:56.3409200Z test scan_observation_deadline_tests::live_guard_still_refuses_persistent_scope_revocation ... ok
2026-10-10T13:12:56.3659330Z test scan_observation_deadline_tests::held_control_lock_cannot_extend_the_original_observation_budget ... ok
2026-10-10T13:12:56.6411670Z test scan_observation_tests::observation_guard_checks_fast_cancellation_and_original_scan_clock ... ok
2026-10-10T13:12:57.4419200Z test scan_observation_tests::non_windows_scan_publishes_explicit_unsupported_native_observation ... ok
2026-10-10T13:12:57.5334340Z diskgraph: scan stopped: StagingLimit after 2 nodes / 1223 charged bytes / 648 ms
2026-10-10T13:12:57.5884570Z test scan_observation_tests::scan_budget_charges_gap_bytes_in_addition_to_qualified_locator_cost ... ok
2026-10-10T13:12:57.7066040Z test scan_observation_tests::staged_batch_releases_control_before_maintenance_and_honors_live_revocation ... ok
2026-10-10T13:12:57.8475690Z test scan_receipt_recovery_tests::committed_scan_recovers_after_revocation_without_rescanning_and_is_idempotent ... ok
2026-10-10T13:12:57.8862750Z test scan_receipt_recovery_tests::completed_scan_execution_preserves_terminal_claim_conflict ... ok
2026-10-10T13:12:58.1250890Z test scan_receipt_recovery_tests::new_scan_can_claim_while_the_shared_graph_mutex_is_held ... ok
2026-10-10T13:12:58.1835990Z test scan_receipt_recovery_tests::queue_reconciles_revoked_committed_scan_before_cancellation_reaping ... ok
2026-10-10T13:12:58.2689940Z test scan_receipt_recovery_tests::recovered_job_result_uses_original_receipt_instead_of_incremented_fence ... ok
2026-10-10T13:12:58.3499630Z test scan_receipt_recovery_tests::recovered_scan_performs_wal_maintenance_after_real_terminal_settlement ... ok
2026-10-10T13:12:58.5898120Z test scan_receipt_recovery_tests::recovery_rejects_changed_job_provenance_without_settling ... ok
2026-10-10T13:12:58.6699920Z test scan_receipt_recovery_tests::scan_receipt_recovery_does_not_preempt_a_live_owner ... ok
2026-10-10T13:12:58.6703410Z test scan_worker_budget_classification_tests::actual_remote_output_quota_reaches_runtime_central_business_budget_projection ... ok
2026-10-10T13:12:58.6707050Z test scan_worker_budget_classification_tests::ordinary_invalid_data_containing_budget_words_is_not_a_budget_witness ... ok
2026-10-10T13:12:58.6709580Z test scan_worker_budget_classification_tests::remote_budget_forged_fields_and_prehello_order_never_reach_projection ... ok
2026-10-10T13:12:58.6721510Z test scan_worker_budget_classification_tests::remote_invalid_data_budget_words_remain_original_io_diagnostic ... ok
2026-10-10T13:12:58.6724560Z test scan_worker_budget_classification_tests::remote_real_filesystem_error_retains_native_kind_code_and_message ... ok
2026-10-10T13:12:58.6727450Z test scan_worker_budget_classification_tests::same_stream_with_sufficient_quota_assembles_exact_native_fields_and_order ... ok
2026-10-10T13:12:58.6730510Z test scan_worker_budget_classification_tests::valid_two_node_stream_over_original_node_quota_is_business_budget ... ok
2026-10-10T13:12:58.6732200Z test scan_worker_budget_classification_tests::wrong_parent_and_duplicate_sequence_remain_protocol_errors_with_sufficient_quota ... ok
2026-10-10T13:12:58.6734360Z test scan_worker_driver_additional_tests::actual_progress_dto_is_retained_without_fabricated_node_counters ... ok
2026-10-10T13:12:59.1024810Z busy-output complete natural-exit elapsed=413.675763ms
2026-10-10T13:12:59.1035090Z test scan_worker_driver_additional_tests::busy_output_does_not_pay_an_idle_interval_per_fixed_block ... ok
2026-10-10T13:12:59.2422890Z test scan_worker_driver_additional_tests::caller_cancel_after_tree_eof_still_rejects_tree_and_cleans_actual_child ... ok
2026-10-10T13:12:59.2491110Z test scan_publication_tests::scan_expiring_after_staging_cannot_publish_a_revision_or_collector ... ok
2026-10-10T13:12:59.2546670Z
2026-10-10T13:12:59.2579640Z thread 'scan_worker_driver_additional_tests::checkpoint_panic_keeps_payload_and_cleans_even_when_caller_retains_driver' (145096) panicked at crates/diskgraph-engine/src/scan_worker_driver_additional_tests.rs:98:13:
2026-10-10T13:12:59.2581980Z test scan_worker_driver_additional_tests::checkpoint_panic_keeps_payload_and_cleans_even_when_caller_retains_driver ... ok
2026-10-10T13:12:59.2591730Z original-driver-checkpoint-panic
2026-10-10T13:12:59.2742460Z test scan_worker_driver_tests::checkpoint_denial_retains_nonclone_primary_and_performs_error_cleanup_not_normal_exit ... ok
2026-10-10T13:12:59.2862880Z test scan_worker_driver_additional_tests::live_child_without_output_keeps_idle_backoff_and_requires_actual_exit ... ok
2026-10-10T13:12:59.3077620Z test scan_worker_driver_tests::malformed_frame_preserves_protocol_cause_and_reaps_the_real_process ... ok
2026-10-10T13:12:59.3361030Z
2026-10-10T13:12:59.3364400Z thread 'scan_worker_driver_tests::owned_checkpoint_resources_release_before_error_and_panic_child_cleanup' (145144) panicked at crates/diskgraph-engine/src/scan_worker_driver_tests.rs:253:21:
2026-10-10T13:12:59.3367540Z Box<dyn Any>
2026-10-10T13:12:59.3380030Z test scan_worker_driver_tests::owned_checkpoint_resources_release_before_error_and_panic_child_cleanup ... ok
2026-10-10T13:12:59.4765860Z test scan_worker_driver_tests::pending_cancel_is_sent_only_after_complete_request_and_never_delivers_tree ... ok
2026-10-10T13:12:59.5489880Z test scan_worker_driver_tests::end_control_closed_and_two_eofs_do_not_deliver_while_actual_leader_is_alive ... ok
2026-10-10T13:12:59.5641020Z test scan_worker_driver_tests::stderr_limit_is_not_unbounded_diagnostic_memory_or_a_success_tree ... ok
2026-10-10T13:12:59.6685520Z test scan_worker_driver_tests::stderr_backpressure_is_drained_while_request_and_stdout_progress ... ok
2026-10-10T13:12:59.6701800Z test scan_worker_host_admission_tests::expired_original_admission_is_not_replaced_by_the_default_new_window ... ok
2026-10-10T13:12:59.6705060Z test scan_worker_host_admission_tests::original_checkpoint_error_precedes_metadata_or_platform_material_validation ... ok
2026-10-10T13:12:59.7442630Z test scan_worker_driver_tests::stdout_and_stderr_consume_one_original_response_total ... ok
2026-10-10T13:12:59.7462640Z test scan_worker_input_budget_tests::small_response_frame_does_not_reject_an_admissible_request ... ok
2026-10-10T13:12:59.7656640Z test scan_worker_input_budget_tests::large_response_budget_does_not_admit_a_request_above_helper_input_limit ... ok
2026-10-10T13:12:59.7778810Z test scan_worker_owned_failure_tests::checkpoint_error_retains_original_box_and_errno_after_successful_explicit_disposition ... ok
2026-10-10T13:12:59.7782500Z test scan_worker_owned_failure_tests::actual_external_reap_constructor_failure_returns_the_original_unresolved_owner ... ok
2026-10-10T13:12:59.7921290Z test scan_worker_owned_failure_tests::failed_explicit_disposition_preserves_original_primary_and_first_cleanup_object ... ok
2026-10-10T13:12:59.7974010Z test scan_worker_owned_failure_tests::invalid_constructor_preserves_protocol_error_and_returns_no_owner_after_actual_cleanup ... ok
2026-10-10T13:12:59.7989670Z test scan_worker_owned_failure_tests::valid_configuration_without_an_owner_returns_a_fixed_error ... ok
2026-10-10T13:12:59.7999670Z test scan_worker_registry::registry_unwind_tests::cleanup_error_keeps_original_capacity_until_actual_retry ... ok
2026-10-10T13:12:59.8008480Z
2026-10-10T13:12:59.8011970Z thread 'scan_worker_registry::registry_unwind_tests::cleanup_unwind_returns_live_original_owner_to_same_slot' (145287) panicked at crates/diskgraph-engine/src/registry_unwind_tests.rs:15:9:
2026-10-10T13:12:59.8020380Z test scan_worker_registry::registry_unwind_tests::cleanup_unwind_returns_live_original_owner_to_same_slot ... ok
2026-10-10T13:12:59.8024650Z original-registry-cleanup-panic
2026-10-10T13:12:59.8027780Z
2026-10-10T13:12:59.8029860Z thread 'scan_worker_registry::registry_unwind_tests::cleanup_unwind_returns_live_original_owner_to_same_slot' (145287) panicked at crates/diskgraph-engine/src/registry_unwind_tests.rs:15:9:
2026-10-10T13:12:59.8040640Z original-registry-cleanup-panic
2026-10-10T13:12:59.8059910Z test scan_worker_owned_failure_tests::rejected_driver_configuration_keeps_original_live_owner_in_caller_slot ... ok
2026-10-10T13:12:59.8063960Z
2026-10-10T13:12:59.8071530Z thread 'scan_worker_registry_tests::prebirth_unwind_releases_only_the_unborn_reservation' (145294) panicked at crates/diskgraph-engine/src/scan_worker_registry_tests.rs:31:9:
2026-10-10T13:12:59.8074050Z test scan_worker_registry_tests::prebirth_unwind_releases_only_the_unborn_reservation ... ok
2026-10-10T13:12:59.8085490Z test scan_worker_registry_tests::scan_worker_ownership_moves_do_not_copy_inline_read_buffers ... ok
2026-10-10T13:12:59.8088030Z prebirth-sentinel
2026-10-10T13:12:59.8088960Z test scan_observation_tests::observation_stage_refuses_grant_scope_and_fence_changes_after_native_capture ... ok
2026-10-10T13:12:59.8091280Z test scan_worker_registry_tests::simultaneous_prebirth_requests_share_one_original_capacity ... ok
2026-10-10T13:12:59.8092600Z test scan_worker_registry_tests::slot_is_reserved_before_birth_and_capacity_never_overbooks ... ok
2026-10-10T13:12:59.8093940Z test scan_worker_settings_tests::absent_configuration_is_distinct_from_every_partial_configuration ... ok
2026-10-10T13:12:59.8095250Z test scan_worker_settings_tests::invalid_material_is_rejected_before_opening_any_image ... ok
2026-10-10T13:12:59.8096660Z test scan_worker_settings_tests::native_non_utf8_open_failure_and_non_unicode_material_preserve_their_boundaries ... ok
2026-10-10T13:12:59.8098240Z test scan_worker_settings_tests::independent_expected_digest_and_original_open_file_survive_name_replacement ... ok
2026-10-10T13:12:59.8099800Z test scan_worker_settings_tests::neighboring_correct_values_cannot_override_wrong_but_well_formed_expectations ... ok
2026-10-10T13:12:59.8101270Z test scan_worker_settings_tests::unified_host_absent_configuration_still_rechecks_original_cancel ... ok
2026-10-10T13:12:59.8102590Z test scan_worker_settings_tests::opening_missing_material_preserves_the_actual_io_error ... ok
2026-10-10T13:12:59.8103910Z test scan_worker_settings_tests::unified_host_invalid_digest_preserves_argument_error ... ok
2026-10-10T13:12:59.8105250Z test scan_worker_settings_tests::unified_host_partial_configuration_stays_invalid_and_never_opens_image ... ok
2026-10-10T13:12:59.8106680Z test scan_worker_settings_tests::unified_host_preserves_original_cancel_before_environment_or_paths ... ok
2026-10-10T13:12:59.8108110Z test scan_worker_settings_tests::unified_host_rejects_original_expired_deadline_before_configuration ... ok
2026-10-10T13:12:59.9027990Z test scan_worker_settings_tests::unified_host_never_resets_deadline_after_lookup ... ok
2026-10-10T13:12:59.9040640Z test scan_worker_settings_tests::unified_macos_host_refuses_complete_legacy_environment_without_opening_file ... ok
2026-10-10T13:12:59.9042950Z test scan_worker_settings_tests::uppercase_complete_digest_is_preserved_as_the_same_expected_material ... ok
2026-10-10T13:12:59.9267060Z test scan_worker_slot_generation_tests::old_reservation_drop_cannot_clear_a_reused_slot_after_actual_child_reap ... ok
2026-10-10T13:13:00.0042330Z test scope_authorization_tests::list_scope_capability_callbacks_can_read_engine_control ... ok
2026-10-10T13:13:00.0901080Z test scope_authorization_tests::list_scopes_does_not_reuse_admin_fallback_after_callback_revocation ... ok
2026-10-10T13:13:00.2384870Z test scope_authorization_tests::list_scopes_preserves_admin_only_fallback_and_trusted_no_policy_mode ... ok
2026-10-10T13:13:00.3149720Z test scope_authorization_tests::list_scopes_rechecks_earlier_scope_after_later_capability_callback ... ok
2026-10-10T13:13:00.5006730Z test scan_worker_registry::registry_unwind_tests::deadline_drain_refuses_contended_state_lock_without_consuming_original_owner ... ok
2026-10-10T13:13:00.5692690Z test scope_authorization_tests::scope_registration_capability_callbacks_do_not_hold_control_lock ... ok
2026-10-10T13:13:00.6401790Z test scope_authorization_tests::scope_registration_refuses_admin_revocation_during_second_callback ... ok
2026-10-10T13:13:00.6626050Z test scan_worker_settings_tests::unified_macos_absent_environment_uses_fixed_installation_semantics ... ok
2026-10-10T13:13:01.1686420Z test scope_authorization_tests::list_scopes_refuses_capability_result_returned_after_token_expiry ... ok
2026-10-10T13:13:01.1687800Z test scoped_content::tests::a_missing_native_guard_api_reports_publicly_unsupported ... ok
2026-10-10T13:13:01.1689100Z test scoped_content::tests::other_native_guard_failures_preserve_io_error_semantics ... ok
2026-10-10T13:13:01.1690780Z test standalone_child_reaping::tests::auto_reaping_fixture ... ignored, 由真实隔离父用例显式调用，不改动测试父进程信号
2026-10-10T13:13:01.2324580Z test standalone_child_reaping::tests::inherited_auto_reaping_is_normalized_in_an_isolated_real_process ... ok
2026-10-10T13:13:02.3853690Z test status_contention_tests::expired_status_classification_never_restarts_its_request_window ... ok
2026-10-10T13:13:04.5012580Z test status_contention_tests::status_contention_does_not_wait_past_original_deadline ... ok
2026-10-10T13:13:05.0781600Z test scan_observation_tests::staging_lock_wait_cannot_spend_expired_or_cancelled_scan_budget ... ok
2026-10-10T13:13:05.7366820Z test scope_registration_deadline_tests::initial_registration_authorization_wait_uses_the_same_deadline ... ok
2026-10-10T13:13:05.7404940Z test status_contention_tests::status_contention_waits_for_short_owner_without_false_budget_failure ... ok
2026-10-10T13:13:05.7734620Z test scope_registration_deadline_tests::registration_returns_budget_error_while_the_graph_owner_remains_live ... ok
2026-10-10T13:13:05.9724170Z test supervisor_binding_tests::damaged_record_is_not_repaired_or_released_by_retirement ... ok
2026-10-10T13:13:05.9921170Z test supervisor_binding_tests::dropping_pending_owner_does_not_claim_complete ... ok
2026-10-10T13:13:05.9980150Z test supervisor_binding_tests::actual_original_reservation_keeps_active_capacity_until_release ... ok
2026-10-10T13:13:06.1614640Z test supervisor_binding_tests::expired_retirement_keeps_original_engine_and_active_slot ... ok
2026-10-10T13:13:06.1946140Z test supervisor_binding_tests::foreign_recovery_is_rejected_without_consuming_original_materials ... ok
2026-10-10T13:13:06.2027100Z test supervisor_binding_tests::external_engine_reference_prevents_retirement_and_new_native_birth ... ok
2026-10-10T13:13:06.3022510Z test supervisor_binding_tests::missing_recovery_is_rejected_with_original_slot_and_engine_preserved ... ok
2026-10-10T13:13:06.4037990Z test supervisor_binding_tests::unconfigured_engine_and_extra_recovery_are_not_supervisor_capabilities ... ok
2026-10-10T13:13:06.4999520Z test supervisor_binding_tests::original_bind_expiry_returns_every_original_part_without_sealing ... ok
2026-10-10T13:13:06.6163450Z test status_contention_tests::status_waiting_for_owner_still_observes_permission_revocation ... ok
2026-10-10T13:13:06.7454700Z test terminal_capability_tests::expired_relation_history_and_envelope_capability_is_denied ... ok
2026-10-10T13:13:06.8342970Z test terminal_capability_tests::bounded_reader_terminal_control_contention_refuses_prepared_result ... ok
2026-10-10T13:13:06.8635550Z test terminal_capability_tests::history_terminal_callbacks_can_reenter_and_revoke_the_other_scope ... ok
2026-10-10T13:13:07.3773920Z test terminal_capability_tests::late_history_side_does_not_hide_the_other_scope_revocation ... ok
2026-10-10T13:13:08.0752630Z test terminal_capability_tests::envelope_expiry_during_callback_stops_remaining_observations ... ok
2026-10-10T13:13:08.2001040Z test terminal_capability_tests::latest_resolution_reads_existing_identity_and_never_repairs_missing_server ... ok
2026-10-10T13:13:08.7568460Z test terminal_capability_tests::reader_capability_callback_does_not_inherit_sql_deadline_handler ... ok
2026-10-10T13:13:09.1481820Z test terminal_capability_tests::initial_authorization_control_contention_expires_while_original_lock_is_held ... ok
2026-10-10T13:13:09.2872190Z test terminal_capability_tests::relation_and_envelope_callbacks_can_reenter_control_and_revoke ... ok
2026-10-10T13:13:09.3375250Z test terminal_capability_tests::late_terminal_allow_is_refused_but_actual_revocation_still_wins ... ok
2026-10-10T13:13:09.6260620Z test terminal_capability_tests::initial_revision_and_snapshot_authorization_do_not_return_late_allow ... ok
2026-10-10T13:13:09.8886420Z test terminal_capability_tests::trusted_reader_terminal_late_allow_is_refused_and_revocation_wins ... ok
2026-10-10T13:13:09.8887870Z test thread_cpu_observation::tests::absent_reversed_and_overflowing_cpu_are_not_zero_measurements ... ok
2026-10-10T13:13:09.8889300Z test thread_cpu_observation::tests::disabled_cpu_observation_remains_unknown ... ok
2026-10-10T13:13:09.8891080Z test thread_cpu_observation::tests::native_cpu_observation_reads_the_same_current_thread ... ok
2026-10-10T13:13:09.8895960Z test trusted_local_recovery_domain::removed_held_directory_is_observed_without_trusting_its_link_count ... ok
2026-10-10T13:13:09.9781120Z test trusted_local_recovery_domain_tests::a_real_child_competes_in_the_same_four_slot_domain ... ok
2026-10-10T13:13:09.9784270Z test trusted_local_recovery_domain_tests::expired_admission_does_not_create_a_slot ... ok
2026-10-10T13:13:10.0072890Z test trusted_local_recovery_domain_tests::four_original_slots_refuse_fifth_and_abnormal_drop_does_not_reuse_active ... ok
2026-10-10T13:13:10.0074950Z test trusted_local_recovery_domain_tests::native_child_reserves_fourth_original_slot ... ignored, native subprocess fixture; invoked explicitly by parent with isolated domain
2026-10-10T13:13:10.0941750Z test trusted_local_recovery_domain_tests::observed_child_timeout_is_reaped_and_keeps_its_active_slot_unconfirmed ... ok
2026-10-10T13:13:10.1114320Z test terminal_capability_tests::trusted_reader_late_capability_preserves_budget_and_explicit_denial ... ok
2026-10-10T13:13:10.1134180Z diskgraph: recovery slot_stage=open failed errno=Some(2) directory_links=Some(2) namespace=held_path_missing entry=missing entry_errno=Some(2)
2026-10-10T13:13:10.1136670Z test trusted_local_recovery_domain_tests::removed_original_domain_is_not_recreated_by_slot_admission ... ok
2026-10-10T13:13:10.1140330Z diskgraph: recovery slot_stage=open failed errno=Some(62) directory_links=Some(3) namespace=not_enoent entry=symlink entry_errno=None
2026-10-10T13:13:10.1143740Z test trusted_local_recovery_domain_tests::symlink_multilink_and_changed_domain_permissions_are_refused ... ok
2026-10-10T13:13:10.1185590Z test trusted_local_recovery_home::tests::expired_namespace_admission_creates_no_state ... ok
2026-10-10T13:13:10.1214790Z test trusted_local_recovery_domain_tests::prebirth_abort_reuses_the_same_slot ... ok
2026-10-10T13:13:10.1396910Z test trusted_local_recovery_home::tests::linked_namespace_and_existing_unsafe_permissions_are_not_repaired ... ok
2026-10-10T13:13:10.1573560Z test trusted_local_recovery_home::tests::fixed_namespace_creation_keeps_actual_home_identity_and_reuses_original_slot ... ok
2026-10-10T13:13:10.9421590Z test tests::reclaimed_generation_does_not_reuse_a_cancelled_flag ... ok
2026-10-10T13:13:17.1269070Z test terminal_capability_tests::relation_and_history_preserve_original_expiry_across_consumer_and_encoding ... ok
2026-10-10T13:13:17.1277320Z
2026-10-10T13:13:17.1282140Z test result: ok. 773 passed; 0 failed; 14 ignored; 0 measured; 0 filtered out; finished in 132.46s
2026-10-10T13:13:17.1282890Z
2026-10-10T13:13:17.1320900Z [1m[92m     Running[0m tests/capacity_baseline.rs (target/debug/deps/capacity_baseline-b70206f1a6e5647a)
2026-10-10T13:13:17.1492040Z [1m[92m     Running[0m tests/compare_two_trees.rs (target/debug/deps/compare_two_trees-05c31f2e4ecb9a1a)
2026-10-10T13:13:17.1492840Z
2026-10-10T13:13:17.1521050Z running 3 tests
2026-10-10T13:13:17.1535750Z test a_large_flat_directory_indexes_and_answers_within_budgets ... ignored, capacity baseline: real fixture build and index timing
2026-10-10T13:13:17.1551010Z test duplicate_suspects_group_thousands_of_same_size_files ... ignored, capacity baseline: duplicate suspect grouping at scale
2026-10-10T13:13:17.2638720Z test history_retention_stays_queryable_across_revisions ... ignored, capacity baseline: history retention timing
2026-10-10T13:13:17.3640500Z
2026-10-10T13:13:17.3645920Z test result: ok. 0 passed; 0 failed; 3 ignored; 0 measured; 0 filtered out; finished in 0.00s
2026-10-10T13:13:17.4458790Z
2026-10-10T13:13:17.4487980Z
2026-10-10T13:13:17.4511050Z running 3 tests
2026-10-10T13:13:18.4517190Z test a_tree_compared_with_itself_has_nothing_actionable ... ok
2026-10-10T13:13:19.4991940Z test two_unrelated_directories_compare_by_their_relative_paths ... ok
2026-10-10T13:13:19.5341540Z test a_report_says_what_it_compared_and_what_it_cost ... ok
2026-10-10T13:13:19.5342350Z
2026-10-10T13:13:19.5343000Z test result: ok. 3 passed; 0 failed; 0 ignored; 0 measured; 0 filtered out; finished in 2.37s
2026-10-10T13:13:19.5343910Z
2026-10-10T13:13:19.5350970Z [1m[92m     Running[0m tests/content_cloud_windows.rs (target/debug/deps/content_cloud_windows-ab4883630e77eb6c)
2026-10-10T13:13:19.5481020Z
2026-10-10T13:13:19.5481480Z running 0 tests
2026-10-10T13:13:19.5481860Z
2026-10-10T13:13:19.5482550Z test result: ok. 0 passed; 0 failed; 0 ignored; 0 measured; 0 filtered out; finished in 0.00s
2026-10-10T13:13:19.5483440Z
2026-10-10T13:13:19.5497510Z [1m[92m     Running[0m tests/content_deadlines.rs (target/debug/deps/content_deadlines-2c40189bb9c1f6ae)
2026-10-10T13:13:19.5644810Z
2026-10-10T13:13:19.5646410Z running 3 tests
2026-10-10T13:13:19.8040910Z test terminal_scope_revocation_also_denies_trusted_compatibility_without_a_policy ... ok
2026-10-10T13:13:19.8831760Z test terminal_cancellation_and_authorization_never_confirm_an_empty_digest ... ok
2026-10-10T13:13:20.6593280Z test expired_authorization_wait_never_reads_or_confirms_a_digest ... ok
2026-10-10T13:13:20.6595350Z
2026-10-10T13:13:20.6598770Z test result: ok. 3 passed; 0 failed; 0 ignored; 0 measured; 0 filtered out; finished in 1.09s
2026-10-10T13:13:20.6600950Z [1m[92m     Running[0m tests/content_flow.rs (target/debug/deps/content_flow-52b751c3ec4a94e7)
2026-10-10T13:13:20.6601810Z
2026-10-10T13:13:20.6760330Z
2026-10-10T13:13:20.6764650Z running 7 tests
2026-10-10T13:13:22.4046470Z test a_read_refuses_links_directories_and_out_of_scope_paths ... ok
2026-10-10T13:13:22.5048740Z test a_digest_is_bounded_cancellable_and_stable ... ok
2026-10-10T13:13:22.6050470Z test a_read_stops_at_the_byte_budget_and_says_truncated ... ok
2026-10-10T13:13:22.6537230Z test a_placeholder_is_reported_and_never_opened ... ok
2026-10-10T13:13:23.9190670Z test the_metadata_only_export_cannot_carry_body_bytes ... ok
2026-10-10T13:13:24.0094660Z test duplicate_suspects_group_by_size_and_mark_hard_links ... ok
2026-10-10T13:13:24.0145340Z test content_read_requires_the_content_grant ... ok
2026-10-10T13:13:24.0147460Z
2026-10-10T13:13:24.0148590Z test result: ok. 7 passed; 0 failed; 0 ignored; 0 measured; 0 filtered out; finished in 3.34s
2026-10-10T13:13:24.0149280Z
2026-10-10T13:13:24.0160210Z [1m[92m     Running[0m tests/content_windows.rs (target/debug/deps/content_windows-cc798bcb3b6f4fa4)
2026-10-10T13:13:24.0283720Z
2026-10-10T13:13:24.0284460Z running 0 tests
2026-10-10T13:13:24.0284730Z
2026-10-10T13:13:24.0285220Z test result: ok. 0 passed; 0 failed; 0 ignored; 0 measured; 0 filtered out; finished in 0.00s
2026-10-10T13:13:24.0285890Z
2026-10-10T13:13:24.0286960Z [1m[92m     Running[0m tests/engine_flow.rs (target/debug/deps/engine_flow-4d3f50f37c988bb1)
2026-10-10T13:13:24.0438500Z
2026-10-10T13:13:24.1439930Z running 20 tests
2026-10-10T13:13:25.4257490Z test authorized_reader_refuses_scope_revoked_during_consumer_without_persisted_policy ... ok
2026-10-10T13:13:25.5258290Z test a_controlled_rescan_records_absence_without_deleting_history ... ok
2026-10-10T13:13:25.6938000Z test byte_charges_bill_each_file_once_not_once_per_ancestor ... ok
2026-10-10T13:13:25.8514590Z authorized_reader phases: result=Ok(1), consumer_rows=Some(Ok(1)), deadline=Some(Instant { tv_sec: 2128, tv_nsec: 725858840 }), total=4.572487ms, preparation=Some(1.892567ms), consumer=Some(347.058µs), post_consumer=Some(2.332862ms), remaining_at_return=Some(995.42815ms), overdue_at_return=Some(0ns)
2026-10-10T13:13:25.8516980Z test authorized_reader_refuses_revoked_grant_before_calling_consumer ... ok
2026-10-10T13:13:26.1835930Z test capacity_watermarks_refuse_new_work_without_touching_existing_data ... ok
2026-10-10T13:13:27.2173540Z test cargo_fixture_produces_typed_evidence_bound_to_the_revision ... ok
2026-10-10T13:13:27.6603140Z test directory_pages_cover_all_children_without_silent_clipping ... ok
2026-10-10T13:13:28.3559950Z test completed_job_keeps_its_revision_after_a_later_publication ... ok
2026-10-10T13:13:29.1283270Z test index_flow_publishes_latest_revision_and_v1_graph ... ok
2026-10-10T13:13:29.4285890Z test over_budget_scans_fail_without_publishing ... ok
2026-10-10T13:13:30.2244670Z test per_principal_job_quotas_refuse_excess_without_running ... ok
2026-10-10T13:13:30.9863320Z test cancellation_from_another_engine_blocks_publication ... ok
2026-10-10T13:13:31.3081500Z test queued_jobs_cancel_without_running_and_terminal_jobs_never_rerun ... ok
2026-10-10T13:13:31.3301430Z test revoked_scopes_stop_accepting_jobs ... ok
2026-10-10T13:13:31.6010710Z test scope_listing_intersects_stale_policy_with_live_scope_and_admin_grants ... ok
2026-10-10T13:13:32.0568010Z test recovering_a_job_clears_only_the_expired_fence_staging ... ok
2026-10-10T13:13:32.5076550Z test server_identity_and_scope_survive_an_engine_restart ... ok
2026-10-10T13:13:32.6336670Z test unauthorized_principals_are_denied_everywhere ... ok
2026-10-10T13:13:32.8964830Z test the_walk_budget_stops_a_scan_for_a_named_reason ... ok
2026-10-10T13:13:33.5788540Z test sync_republishes_and_snapshot_retention_is_authorized ... ok
2026-10-10T13:13:33.5789150Z
2026-10-10T13:13:33.5789640Z test result: ok. 20 passed; 0 failed; 0 ignored; 0 measured; 0 filtered out; finished in 9.53s
2026-10-10T13:13:33.5790320Z
2026-10-10T13:13:33.5799130Z [1m[92m     Running[0m tests/fencing_exhaustion.rs (target/debug/deps/fencing_exhaustion-18eec9463865f975)
2026-10-10T13:13:33.5948660Z
2026-10-10T13:13:33.5949270Z running 1 test
2026-10-10T13:13:33.6728790Z test exhausted_generation_is_rejected_before_scan_or_publication ... ok
2026-10-10T13:13:33.6753470Z [1m[92m     Running[0m tests/growth_narrow_read.rs (target/debug/deps/growth_narrow_read-2e4ec49ad26c6061)
2026-10-10T13:13:33.6755400Z
2026-10-10T13:13:33.6891850Z test result: ok. 1 passed; 0 failed; 0 ignored; 0 measured; 0 filtered out; finished in 0.08s
2026-10-10T13:13:33.7910750Z
2026-10-10T13:13:33.8915300Z
2026-10-10T13:13:33.9491620Z running 5 tests
2026-10-10T13:13:35.8047580Z test an_unknown_revision_is_an_error_not_a_growth_of_zero ... ok
2026-10-10T13:13:36.3940330Z test different_roots_are_never_compared ... ok
2026-10-10T13:13:36.5691700Z test growth_of_a_nested_path_costs_two_rows_and_reports_the_delta ... ok
2026-10-10T13:13:36.6682600Z test an_unchanged_path_reports_zero_rather_than_refusing ... ok
2026-10-10T13:13:36.8915160Z test walking_to_a_path_matches_loading_the_graph_and_finding_it ... ok
2026-10-10T13:13:36.8916600Z [1m[92m     Running[0m tests/hardening.rs (target/debug/deps/hardening-2b1d154f350274f4)
2026-10-10T13:13:36.8917660Z
2026-10-10T13:13:36.8918960Z test result: ok. 5 passed; 0 failed; 0 ignored; 0 measured; 0 filtered out; finished in 3.20s
2026-10-10T13:13:36.8930330Z
2026-10-10T13:13:36.9079740Z
2026-10-10T13:13:36.9085430Z running 16 tests
2026-10-10T13:13:37.5888800Z test a_revoked_queued_scan_never_publishes ... ok
2026-10-10T13:13:37.6890820Z test a_fresh_data_directory_accepts_work_when_its_volume_has_headroom ... ok
2026-10-10T13:13:38.6453680Z test a_scope_grant_cannot_authorize_another_scopes_revision ... ok
2026-10-10T13:13:38.7205700Z test a_bounded_history_report_does_not_claim_complete_statistics ... ok
2026-10-10T13:13:39.8445720Z test an_in_place_write_invalidates_the_digest ... ok
2026-10-10T13:13:39.9447500Z test a_wide_tree_reports_its_node_budget ... ok
2026-10-10T13:13:40.8355300Z test capacity_refusal_prevents_job_creation ... ok
2026-10-10T13:13:40.9357620Z test digest_never_exceeds_its_budget_or_confirms_a_partial_file ... ok
2026-10-10T13:13:41.0359730Z test ambiguous_legacy_revision_ownership_remains_denied ... ok
2026-10-10T13:13:41.8860990Z test matching_owner_name_cannot_steal_an_unexpired_running_job ... ok
2026-10-10T13:13:42.3303710Z test high_degree_impact_reads_a_page_and_revocation_blocks_the_next_request ... ok
2026-10-10T13:13:43.7813020Z test large_file_capacity_does_not_consume_metadata_staging_budget ... ok
2026-10-10T13:13:44.7657200Z test withdrawing_content_authorization_after_preflight_prevents_hashing ... ok
2026-10-10T13:13:45.5865670Z test pruning_retains_pins_and_the_latest_revision ... ok
2026-10-10T13:13:45.9541500Z test revoking_a_running_job_prevents_publication ... ok
2026-10-10T13:13:51.4369940Z test sqlite_history_deadline_refuses_unprepared_data_or_marks_a_verified_prefix ... ok
2026-10-10T13:13:51.4391700Z [1m[92m     Running[0m tests/hardening_benchmark.rs (target/debug/deps/hardening_benchmark-764a32a3c338cf53)
2026-10-10T13:13:51.4392520Z
2026-10-10T13:13:51.4401230Z test result: ok. 16 passed; 0 failed; 0 ignored; 0 measured; 0 filtered out; finished in 14.53s
2026-10-10T13:13:51.4402180Z
2026-10-10T13:13:51.4545600Z
2026-10-10T13:13:51.4579280Z running 7 tests
2026-10-10T13:13:51.4595420Z test benchmark_support::peak_memory::tests::unknown_or_overflow_is_not_a_measured_sum ... ok
2026-10-10T13:13:51.4599570Z test benchmark_support::peak_memory::tests::native_host_observes_positive_lifetime_memory ... ok
2026-10-10T13:13:51.4601770Z test benchmark_support::scan_failure_diagnostic::tests::missing_databases_remain_missing_and_preserve_the_original_category ... ok
2026-10-10T13:13:51.4603390Z test measure_isolated_release_fixtures ... ignored, release 20k/200k filesystem and paired query measurements
2026-10-10T13:13:51.4605730Z test benchmark_support::namespace_cost::capture_gap_diagnostics_are_scoped_counted_and_do_not_echo_raw_fields ... ok
2026-10-10T13:13:51.5586050Z test benchmark_support::scan_failure_diagnostic::tests::actual_exclusive_writer_is_a_separate_posterior_sqlite_error ... ok
2026-10-10T13:13:51.5731340Z test benchmark_support::scan_failure_diagnostic::tests::actual_public_queued_job_is_read_without_metadata_or_durable_changes ... ok
2026-10-10T13:13:51.5744300Z [1m[92m     Running[0m tests/history_compatibility_matrix.rs (target/debug/deps/history_compatibility_matrix-be4ce556fe32c8b1)
2026-10-10T13:13:51.5745350Z
2026-10-10T13:13:51.5758230Z test result: ok. 6 passed; 0 failed; 1 ignored; 0 measured; 0 filtered out; finished in 0.12s
2026-10-10T13:13:51.5762220Z
2026-10-10T13:13:51.5907310Z
2026-10-10T13:13:51.6908590Z running 10 tests
2026-10-10T13:13:52.7040550Z diskgraph: authorization_budget_phase=terminal_ownership_sql elapsed_us=125493
2026-10-10T13:13:52.7041860Z test every_recorded_scan_setting_difference_refuses_growth_and_changes ... FAILED
2026-10-10T13:13:52.8044800Z diskgraph: authorization_cpu_phase=terminal_ownership_sql elapsed_us=125493 thread_cpu_us=1578
2026-10-10T13:13:52.8046610Z test generic_metadata_comparison_keeps_distinct_known_identities_legal ... ok
2026-10-10T13:13:52.8848880Z HISTORY_AUTHORITY_DIAGNOSTIC calls=4 wall_ms=130.694641 recorded_offsets_and_costs=[(3.212169ms, 6.884µs), (3.496997ms, 2.646µs), (3.929547ms, 2.52µs), (4.045842ms, 2.38µs)]
2026-10-10T13:13:52.9851950Z HISTORY_GROWTH_DIAGNOSTIC elapsed_ms=130.742159 error=Business(BudgetExceeded)
2026-10-10T13:13:52.9853540Z
2026-10-10T13:13:53.0063800Z thread 'every_recorded_scan_setting_difference_refuses_growth_and_changes' (148602) panicked at crates/diskgraph-engine/tests/history_compatibility/fixture.rs:160:16:
2026-10-10T13:13:53.1064750Z called `Result::unwrap()` on an `Err` value: Business(BudgetExceeded)
2026-10-10T13:13:53.2067090Z note: run with `RUST_BACKTRACE=1` environment variable to display a backtrace
2026-10-10T13:13:53.7632200Z test contradictory_complete_coverage_is_refused_by_public_publication ... ok
2026-10-10T13:13:54.7748020Z test imported_same_owner_root_and_volume_keep_signed_growth_and_change_counts ... ok
2026-10-10T13:13:56.9408620Z test native_scan_growth_and_rename_follow_real_host_paths_without_identity_inference ... ok
2026-10-10T13:13:57.5367040Z test reverse_observation_order_has_an_explicit_incompatibility ... ok
2026-10-10T13:13:57.8369750Z test imported_volume_or_provider_domain_changes_are_not_silently_compared ... ok
2026-10-10T13:13:58.0666990Z test same_identity_renamed_path_is_one_addition_and_one_removal_not_growth ... ok
2026-10-10T13:13:58.8953620Z test partial_unreadable_and_depth_coverage_never_claim_removed_paths ... ok
2026-10-10T13:13:58.9014160Z test node_quality_and_type_replacement_matrix_keeps_unknown_bytes_null ... ok
2026-10-10T13:13:58.9014860Z
2026-10-10T13:13:58.9015020Z failures:
2026-10-10T13:13:58.9015230Z
2026-10-10T13:13:58.9015380Z failures:
2026-10-10T13:13:58.9015940Z     every_recorded_scan_setting_difference_refuses_growth_and_changes
2026-10-10T13:13:58.9016470Z
2026-10-10T13:13:58.9016970Z test result: FAILED. 9 passed; 1 failed; 0 ignored; 0 measured; 0 filtered out; finished in 7.31s
